exclude-list,protocol,src-fw,src-vlan(option),src-ip,src-port(option),src-nat-ip(option),dst-fw,dst-vlan(option),dst-nat-ip(option),dst-nat-port (option),dst-ip,dst-port,url/domain(option),anti-virus(option),timeout(option),try(option),other-settings(option),expect,description
,tcp,172.16.0.251,,192.168.1.100,56588,,10.0.0.251,,,,200.200.200.205,443,,,,,,pass,https_inspection | 2020/10/06 12:02:38," ,"
,tcp,172.16.0.251,,192.168.1.100,50098,,10.0.0.251,,,,200.200.200.205,443,,,,,,pass,https_inspection | 2020/10/06 11:59:50," ,"
,tcp,172.16.0.251,,192.168.1.100,55809,,10.0.0.251,,,,200.200.200.205,443,,,,,,pass,https_inspection | 2020/10/06 11:48:57," ,"
,tcp,172.16.0.251,,192.168.1.100,58582,,10.0.0.251,,,,200.200.200.205,443,,,,,,pass,https_inspection | 2020/10/06 11:48:38," ,"
,tcp,172.16.0.251,,192.168.1.100,52715,,10.0.0.251,,,,200.200.200.205,443,,,,,,pass,https_inspection | 2020/10/06 11:44:55," ,"
,tcp,172.16.0.251,,192.168.1.100,54748,,10.0.0.251,,,,200.200.200.205,443,,,,,,pass,https_inspection | 2020/10/06 10:36:31," ,"
,tcp,172.16.0.251,,192.168.1.100,62535,,10.0.0.251,,,,200.200.200.205,443,,,,,,pass,https_inspection | 2020/10/06 10:36:26," ,"
,tcp,172.16.0.251,,192.168.1.100,56605,,10.0.0.251,,,,200.200.200.205,443,,,,,,pass,https_inspection | 2020/10/06 10:36:21," ,"
,tcp,172.16.0.251,,192.168.1.100,52640,,10.0.0.251,,,,200.200.200.205,443,,,,,,pass,https_inspection | 2020/10/06 10:36:16," ,"
,tcp,172.16.0.251,,192.168.1.100,64969,,10.0.0.251,,,,200.200.200.205,443,,,,,,pass,https_inspection | 2020/10/06 10:36:11," ,"
,tcp,172.16.0.251,,192.168.1.100,58533,,10.0.0.251,,,,200.200.200.205,443,,,,,,pass,https_inspection | 2020/10/06 10:31:43," ,"
,tcp,172.16.0.251,,192.168.1.100,62227,,10.0.0.251,,,,200.200.200.205,443,,,,,,pass,https_inspection | 2020/10/06 10:31:38," ,"
,tcp,172.16.0.251,,192.168.1.100,56732,,10.0.0.251,,,,200.200.200.205,443,,,,,,pass,https_inspection | 2020/10/06 10:31:33," ,"
,tcp,172.16.0.251,,192.168.1.100,51176,,10.0.0.251,,,,200.200.200.205,443,,,,,,pass,https_inspection | 2020/10/06 10:31:28," ,"
,tcp,172.16.0.251,,192.168.1.100,50339,,10.0.0.251,,,,200.200.200.205,443,,,,,,pass,https_inspection | 2020/10/06 10:31:24," ,"
,tcp,10.0.0.251,,200.200.200.200,20,,172.16.0.251,,,,192.168.1.113,9343,,,,,,pass,trust_untrust_023 | 2020/10/05 18:02:44," ,"
,tcp,10.0.0.251,,200.200.200.200,20,111.111.111.113,172.16.0.251,,10.0.0.100,49704,192.168.1.115,51191,,,,,,pass,trust_untrust_025 | 2020/10/05 18:02:44," ,"
,tcp,10.0.0.251,,200.200.200.200,20,111.111.111.113,172.16.0.251,,10.0.0.100,23854,192.168.1.115,41560,,,,,,pass,trust_untrust_025 | 2020/10/05 18:02:43," ,"
,tcp,10.0.0.251,,200.200.200.200,20,111.111.111.113,172.16.0.251,,10.0.0.100,10101,192.168.1.115,56132,,,,,,pass,trust_untrust_025 | 2020/10/05 18:02:43," ,"
,tcp,10.0.0.251,,200.200.200.200,20,,172.16.0.251,,,,192.168.1.113,5932,,,,,,pass,trust_untrust_023 | 2020/10/05 18:02:43," ,"
,tcp,172.16.0.251,,192.168.1.115,21353,10.0.0.100,10.0.0.251,,111.111.111.113,49122,200.200.200.200,49122,,,,,,pass,trust_untrust_025 | 2020/10/05 18:02:36," ,"
,tcp,172.16.0.251,,192.168.1.113,57144,,10.0.0.251,,,,200.200.200.200,64660,,,,,,pass,trust_untrust_023 | 2020/10/05 18:02:36," ,"
,tcp,172.16.0.251,,192.168.1.113,32876,,10.0.0.251,,,,200.200.200.200,46552,,,,,,pass,trust_untrust_023 | 2020/10/05 18:02:35," ,"
,tcp,172.16.0.251,,192.168.1.115,31918,10.0.0.100,10.0.0.251,,111.111.111.113,42642,200.200.200.200,42642,,,,,,pass,trust_untrust_025 | 2020/10/05 18:02:35," ,"
,tcp,172.16.0.251,,192.168.1.115,2854,10.0.0.100,10.0.0.251,,111.111.111.113,63760,200.200.200.200,63760,,,,,,pass,trust_untrust_025 | 2020/10/05 18:02:35," ,"
,tcp,10.0.0.251,,200.200.200.200,20,,172.16.0.251,,,,192.168.1.114,5541,,,,,,pass,trust_untrust_024 | 2020/10/05 18:01:30," ,"
,tcp,10.0.0.251,,200.200.200.200,20,,172.16.0.251,,,,192.168.1.114,55748,,,,,,pass,trust_untrust_024 | 2020/10/05 18:01:30," ,"
,tcp,10.0.0.251,,200.200.200.200,20,,172.16.0.251,,,,192.168.1.114,61820,,,,,,pass,trust_untrust_024 | 2020/10/05 18:01:30," ,"
,tcp,172.16.0.251,,192.168.1.114,63950,,10.0.0.251,,,,200.200.200.200,21,,,,,,pass,trust_untrust_024 | 2020/10/05 18:01:30," ,"
,tcp,10.0.0.251,,200.200.200.200,20,,172.16.0.251,,,,192.168.1.114,16733,,,,,,pass,trust_untrust_024 | 2020/10/05 18:01:30," ,"
,tcp,10.0.0.251,,200.200.200.200,20,,172.16.0.251,,,,192.168.1.114,27970,,,,,,pass,trust_untrust_024 | 2020/10/05 18:01:30," ,"
,tcp,10.0.0.251,,200.200.200.200,20,,172.16.0.251,,,,192.168.1.114,23415,,,,,,pass,trust_untrust_024 | 2020/10/05 18:01:30," ,"
,tcp,172.16.0.251,,192.168.1.114,50685,,10.0.0.251,,,,200.200.200.200,21,,,,,,pass,trust_untrust_024 | 2020/10/05 18:01:30," ,"
,tcp,10.0.0.251,,200.200.200.200,20,111.111.111.113,172.16.0.251,,10.0.0.100,37623,192.168.1.116,36306,,,,,,pass,trust_untrust_026 | 2020/10/05 18:01:29," ,"
,tcp,10.0.0.251,,200.200.200.200,20,111.111.111.113,172.16.0.251,,10.0.0.100,1299,192.168.1.116,47400,,,,,,pass,trust_untrust_026 | 2020/10/05 18:01:29," ,"
,tcp,10.0.0.251,,200.200.200.200,20,111.111.111.113,172.16.0.251,,10.0.0.100,10628,192.168.1.116,6437,,,,,,pass,trust_untrust_026 | 2020/10/05 18:01:29," ,"
,tcp,172.16.0.251,,192.168.1.116,65180,10.0.0.100,10.0.0.251,,111.111.111.113,21,200.200.200.200,21,,,,,,pass,trust_untrust_026 | 2020/10/05 18:01:29," ,"
,tcp,10.0.0.251,,200.200.200.200,20,,172.16.0.251,,,,192.168.1.110,36798,,,,,,pass,trust_untrust_020 | 2020/10/05 18:01:29," ,"
,tcp,10.0.0.251,,200.200.200.200,20,,172.16.0.251,,,,192.168.1.110,1625,,,,,,pass,trust_untrust_020 | 2020/10/05 18:01:29," ,"
,tcp,10.0.0.251,,200.200.200.200,20,,172.16.0.251,,,,192.168.1.110,33540,,,,,,pass,trust_untrust_020 | 2020/10/05 18:01:29," ,"
,tcp,172.16.0.251,,192.168.1.110,54825,,10.0.0.251,,,,200.200.200.200,21,,,,,,pass,trust_untrust_020 | 2020/10/05 18:01:29," ,"
,tcp,10.0.0.251,,200.200.200.200,20,,172.16.0.251,,,,192.168.1.112,23362,,,,,,pass,trust_untrust_022 | 2020/10/05 18:01:29," ,"
,tcp,10.0.0.251,,200.200.200.200,20,,172.16.0.251,,,,192.168.1.112,60039,,,,,,pass,trust_untrust_022 | 2020/10/05 18:01:29," ,"
,tcp,10.0.0.251,,200.200.200.200,20,,172.16.0.251,,,,192.168.1.112,20747,,,,,,pass,trust_untrust_022 | 2020/10/05 18:01:29," ,"
,tcp,172.16.0.251,,192.168.1.112,57886,,10.0.0.251,,,,200.200.200.200,21,,,,,,pass,trust_untrust_022 | 2020/10/05 18:01:29," ,"
,tcp,10.0.0.251,,200.200.200.200,20,,172.16.0.251,,,,192.168.1.113,26022,,,,,,pass,trust_untrust_023 | 2020/10/05 18:01:29," ,"
,tcp,172.16.0.251,,192.168.1.116,51970,10.0.0.100,10.0.0.251,,111.111.111.113,21,200.200.200.200,21,,,,,,pass,trust_untrust_026 | 2020/10/05 18:01:29," ,"
,tcp,10.0.0.251,,200.200.200.200,20,111.111.111.113,172.16.0.251,,10.0.0.100,13481,192.168.1.116,45747,,,,,,pass,trust_untrust_026 | 2020/10/05 18:01:29," ,"
,tcp,10.0.0.251,,200.200.200.200,20,111.111.111.113,172.16.0.251,,10.0.0.100,12188,192.168.1.116,32491,,,,,,pass,trust_untrust_026 | 2020/10/05 18:01:29," ,"
,tcp,10.0.0.251,,200.200.200.200,20,111.111.111.113,172.16.0.251,,10.0.0.100,65118,192.168.1.116,33763,,,,,,pass,trust_untrust_026 | 2020/10/05 18:01:29," ,"
,tcp,172.16.0.251,,192.168.1.115,53703,10.0.0.100,10.0.0.251,,111.111.111.113,21,200.200.200.200,21,,,,,,pass,trust_untrust_025 | 2020/10/05 18:01:29," ,"
,tcp,10.0.0.251,,200.200.200.200,20,111.111.111.113,172.16.0.251,,10.0.0.100,2442,192.168.1.115,15238,,,,,,pass,trust_untrust_025 | 2020/10/05 18:01:29," ,"
,tcp,172.16.0.251,,192.168.1.114,62441,,10.0.0.251,,,,200.200.200.200,21,,,,,,pass,trust_untrust_024 | 2020/10/05 18:01:29," ,"
,tcp,10.0.0.251,,200.200.200.200,20,,172.16.0.251,,,,192.168.1.114,60867,,,,,,pass,trust_untrust_024 | 2020/10/05 18:01:29," ,"
,tcp,10.0.0.251,,200.200.200.200,20,,172.16.0.251,,,,192.168.1.114,10249,,,,,,pass,trust_untrust_024 | 2020/10/05 18:01:29," ,"
,tcp,10.0.0.251,,200.200.200.200,20,,172.16.0.251,,,,192.168.1.114,48152,,,,,,pass,trust_untrust_024 | 2020/10/05 18:01:29," ,"
,tcp,172.16.0.251,,192.168.1.113,54572,,10.0.0.251,,,,200.200.200.200,21,,,,,,pass,trust_untrust_023 | 2020/10/05 18:01:29," ,"
,tcp,10.0.0.251,,200.200.200.200,20,,172.16.0.251,,,,192.168.1.111,65263,,,,,,pass,trust_untrust_021 | 2020/10/05 18:01:28," ,"
,tcp,10.0.0.251,,200.200.200.200,20,,172.16.0.251,,,,192.168.1.111,47197,,,,,,pass,trust_untrust_021 | 2020/10/05 18:01:28," ,"
,tcp,10.0.0.251,,200.200.200.200,20,,172.16.0.251,,,,192.168.1.111,54839,,,,,,pass,trust_untrust_021 | 2020/10/05 18:01:28," ,"
,tcp,172.16.0.251,,192.168.1.111,55491,,10.0.0.251,,,,200.200.200.200,21,,,,,,pass,trust_untrust_021 | 2020/10/05 18:01:28," ,"
,tcp,10.0.0.251,,200.200.200.200,20,,172.16.0.251,,,,192.168.1.112,19309,,,,,,pass,trust_untrust_022 | 2020/10/05 18:01:28," ,"
,tcp,172.16.0.251,,192.168.1.115,55872,10.0.0.100,10.0.0.251,,111.111.111.113,21,200.200.200.200,21,,,,,,pass,trust_untrust_025 | 2020/10/05 18:01:28," ,"
,tcp,10.0.0.251,,200.200.200.200,20,111.111.111.113,172.16.0.251,,10.0.0.100,32965,192.168.1.115,43849,,,,,,pass,trust_untrust_025 | 2020/10/05 18:01:28," ,"
,tcp,172.16.0.251,,192.168.1.115,58330,10.0.0.100,10.0.0.251,,111.111.111.113,21,200.200.200.200,21,,,,,,pass,trust_untrust_025 | 2020/10/05 18:01:28," ,"
,tcp,10.0.0.251,,200.200.200.200,20,111.111.111.113,172.16.0.251,,10.0.0.100,35196,192.168.1.115,25543,,,,,,pass,trust_untrust_025 | 2020/10/05 18:01:28," ,"
,tcp,172.16.0.251,,192.168.1.114,64277,,10.0.0.251,,,,200.200.200.200,21,,,,,,pass,trust_untrust_024 | 2020/10/05 18:01:28," ,"
,tcp,10.0.0.251,,200.200.200.200,20,,172.16.0.251,,,,192.168.1.114,61761,,,,,,pass,trust_untrust_024 | 2020/10/05 18:01:28," ,"
,tcp,10.0.0.251,,200.200.200.200,20,,172.16.0.251,,,,192.168.1.114,8510,,,,,,pass,trust_untrust_024 | 2020/10/05 18:01:28," ,"
,tcp,10.0.0.251,,200.200.200.200,20,,172.16.0.251,,,,192.168.1.114,8863,,,,,,pass,trust_untrust_024 | 2020/10/05 18:01:28," ,"
,tcp,172.16.0.251,,192.168.1.113,60664,,10.0.0.251,,,,200.200.200.200,21,,,,,,pass,trust_untrust_023 | 2020/10/05 18:01:28," ,"
,tcp,10.0.0.251,,200.200.200.200,20,,172.16.0.251,,,,192.168.1.113,1555,,,,,,pass,trust_untrust_023 | 2020/10/05 18:01:28," ,"
,tcp,172.16.0.251,,192.168.1.112,54989,,10.0.0.251,,,,200.200.200.200,21,,,,,,pass,trust_untrust_022 | 2020/10/05 18:01:28," ,"
,tcp,10.0.0.251,,200.200.200.200,20,,172.16.0.251,,,,192.168.1.112,46061,,,,,,pass,trust_untrust_022 | 2020/10/05 18:01:28," ,"
,tcp,10.0.0.251,,200.200.200.200,20,,172.16.0.251,,,,192.168.1.112,52613,,,,,,pass,trust_untrust_022 | 2020/10/05 18:01:28," ,"
,tcp,172.16.0.251,,192.168.1.115,49789,10.0.0.100,10.0.0.251,,111.111.111.113,21,200.200.200.200,21,,,,,,pass,trust_untrust_025 | 2020/10/05 18:01:22," ,"
,tcp,172.16.0.251,,192.168.1.116,28826,10.0.0.100,10.0.0.251,,111.111.111.113,27599,200.200.200.200,27599,,,,,,pass,trust_untrust_026 | 2020/10/05 18:01:22," ,"
,tcp,172.16.0.251,,192.168.1.116,24404,10.0.0.100,10.0.0.251,,111.111.111.113,61278,200.200.200.200,61278,,,,,,pass,trust_untrust_026 | 2020/10/05 18:01:22," ,"
,tcp,172.16.0.251,,192.168.1.116,34713,10.0.0.100,10.0.0.251,,111.111.111.113,10008,200.200.200.200,10008,,,,,,pass,trust_untrust_026 | 2020/10/05 18:01:22," ,"
,tcp,172.16.0.251,,192.168.1.116,61426,10.0.0.100,10.0.0.251,,111.111.111.113,21,200.200.200.200,21,,,,,,pass,trust_untrust_026 | 2020/10/05 18:01:22," ,"
,tcp,172.16.0.251,,192.168.1.114,58362,,10.0.0.251,,,,200.200.200.200,1145,,,,,,pass,trust_untrust_024 | 2020/10/05 18:01:22," ,"
,tcp,172.16.0.251,,192.168.1.114,59079,,10.0.0.251,,,,200.200.200.200,60437,,,,,,pass,trust_untrust_024 | 2020/10/05 18:01:22," ,"
,tcp,172.16.0.251,,192.168.1.114,59015,,10.0.0.251,,,,200.200.200.200,27752,,,,,,pass,trust_untrust_024 | 2020/10/05 18:01:22," ,"
,tcp,172.16.0.251,,192.168.1.114,64477,,10.0.0.251,,,,200.200.200.200,21,,,,,,pass,trust_untrust_024 | 2020/10/05 18:01:22," ,"
,tcp,172.16.0.251,,192.168.1.114,64549,,10.0.0.251,,,,200.200.200.200,21921,,,,,,pass,trust_untrust_024 | 2020/10/05 18:01:22," ,"
,tcp,172.16.0.251,,192.168.1.114,52967,,10.0.0.251,,,,200.200.200.200,14686,,,,,,pass,trust_untrust_024 | 2020/10/05 18:01:22," ,"
,tcp,172.16.0.251,,192.168.1.114,10559,,10.0.0.251,,,,200.200.200.200,43975,,,,,,pass,trust_untrust_024 | 2020/10/05 18:01:22," ,"
,tcp,172.16.0.251,,192.168.1.114,61041,,10.0.0.251,,,,200.200.200.200,21,,,,,,pass,trust_untrust_024 | 2020/10/05 18:01:22," ,"
,tcp,172.16.0.251,,192.168.1.116,3156,10.0.0.100,10.0.0.251,,111.111.111.113,26449,200.200.200.200,26449,,,,,,pass,trust_untrust_026 | 2020/10/05 18:01:21," ,"
,tcp,172.16.0.251,,192.168.1.116,26422,10.0.0.100,10.0.0.251,,111.111.111.113,37717,200.200.200.200,37717,,,,,,pass,trust_untrust_026 | 2020/10/05 18:01:21," ,"
,tcp,172.16.0.251,,192.168.1.116,52433,10.0.0.100,10.0.0.251,,111.111.111.113,21,200.200.200.200,21,,,,,,pass,trust_untrust_026 | 2020/10/05 18:01:21," ,"
,tcp,172.16.0.251,,192.168.1.110,1275,,10.0.0.251,,,,200.200.200.200,36629,,,,,,pass,trust_untrust_020 | 2020/10/05 18:01:21," ,"
,tcp,172.16.0.251,,192.168.1.110,13207,,10.0.0.251,,,,200.200.200.200,19047,,,,,,pass,trust_untrust_020 | 2020/10/05 18:01:21," ,"
,tcp,172.16.0.251,,192.168.1.110,46507,,10.0.0.251,,,,200.200.200.200,45428,,,,,,pass,trust_untrust_020 | 2020/10/05 18:01:21," ,"
,tcp,172.16.0.251,,192.168.1.110,62546,,10.0.0.251,,,,200.200.200.200,21,,,,,,pass,trust_untrust_020 | 2020/10/05 18:01:21," ,"
,tcp,172.16.0.251,,192.168.1.115,27815,10.0.0.100,10.0.0.251,,111.111.111.113,1153,200.200.200.200,1153,,,,,,pass,trust_untrust_025 | 2020/10/05 18:01:21," ,"
,tcp,172.16.0.251,,192.168.1.114,59588,,10.0.0.251,,,,200.200.200.200,21,,,,,,pass,trust_untrust_024 | 2020/10/05 18:01:21," ,"
,tcp,172.16.0.251,,192.168.1.114,23972,,10.0.0.251,,,,200.200.200.200,30279,,,,,,pass,trust_untrust_024 | 2020/10/05 18:01:21," ,"
,tcp,172.16.0.251,,192.168.1.114,13244,,10.0.0.251,,,,200.200.200.200,32387,,,,,,pass,trust_untrust_024 | 2020/10/05 18:01:21," ,"
,tcp,172.16.0.251,,192.168.1.114,23639,,10.0.0.251,,,,200.200.200.200,22429,,,,,,pass,trust_untrust_024 | 2020/10/05 18:01:21," ,"
,tcp,172.16.0.251,,192.168.1.113,58971,,10.0.0.251,,,,200.200.200.200,21,,,,,,pass,trust_untrust_023 | 2020/10/05 18:01:21," ,"
,tcp,172.16.0.251,,192.168.1.113,25566,,10.0.0.251,,,,200.200.200.200,4968,,,,,,pass,trust_untrust_023 | 2020/10/05 18:01:21," ,"
,tcp,172.16.0.251,,192.168.1.112,53331,,10.0.0.251,,,,200.200.200.200,21,,,,,,pass,trust_untrust_022 | 2020/10/05 18:01:21," ,"
,tcp,172.16.0.251,,192.168.1.112,25503,,10.0.0.251,,,,200.200.200.200,21230,,,,,,pass,trust_untrust_022 | 2020/10/05 18:01:21," ,"
,tcp,172.16.0.251,,192.168.1.112,22786,,10.0.0.251,,,,200.200.200.200,29228,,,,,,pass,trust_untrust_022 | 2020/10/05 18:01:21," ,"
,tcp,172.16.0.251,,192.168.1.112,5840,,10.0.0.251,,,,200.200.200.200,48362,,,,,,pass,trust_untrust_022 | 2020/10/05 18:01:21," ,"
,tcp,172.16.0.251,,192.168.1.111,57566,,10.0.0.251,,,,200.200.200.200,63194,,,,,,pass,trust_untrust_021 | 2020/10/05 18:01:20," ,"
,tcp,172.16.0.251,,192.168.1.111,56242,,10.0.0.251,,,,200.200.200.200,58795,,,,,,pass,trust_untrust_021 | 2020/10/05 18:01:20," ,"
,tcp,172.16.0.251,,192.168.1.111,64070,,10.0.0.251,,,,200.200.200.200,34692,,,,,,pass,trust_untrust_021 | 2020/10/05 18:01:20," ,"
,tcp,172.16.0.251,,192.168.1.111,53533,,10.0.0.251,,,,200.200.200.200,21,,,,,,pass,trust_untrust_021 | 2020/10/05 18:01:20," ,"
,tcp,172.16.0.251,,192.168.1.112,36167,,10.0.0.251,,,,200.200.200.200,31450,,,,,,pass,trust_untrust_022 | 2020/10/05 18:01:20," ,"
,tcp,172.16.0.251,,192.168.1.112,15036,,10.0.0.251,,,,200.200.200.200,3969,,,,,,pass,trust_untrust_022 | 2020/10/05 18:01:20," ,"
,tcp,172.16.0.251,,192.168.1.112,5931,,10.0.0.251,,,,200.200.200.200,44057,,,,,,pass,trust_untrust_022 | 2020/10/05 18:01:20," ,"
,tcp,172.16.0.251,,192.168.1.112,57918,,10.0.0.251,,,,200.200.200.200,21,,,,,,pass,trust_untrust_022 | 2020/10/05 18:01:20," ,"
,tcp,172.16.0.251,,192.168.1.113,44033,,10.0.0.251,,,,200.200.200.200,21743,,,,,,pass,trust_untrust_023 | 2020/10/05 18:01:20," ,"
,tcp,172.16.0.251,,192.168.1.113,54415,,10.0.0.251,,,,200.200.200.200,21,,,,,,pass,trust_untrust_023 | 2020/10/05 18:01:20," ,"
,tcp,172.16.0.251,,192.168.1.114,62497,,10.0.0.251,,,,200.200.200.200,28613,,,,,,pass,trust_untrust_024 | 2020/10/05 18:01:20," ,"
,tcp,172.16.0.251,,192.168.1.114,8398,,10.0.0.251,,,,200.200.200.200,36993,,,,,,pass,trust_untrust_024 | 2020/10/05 18:01:20," ,"
,tcp,172.16.0.251,,192.168.1.114,36551,,10.0.0.251,,,,200.200.200.200,59311,,,,,,pass,trust_untrust_024 | 2020/10/05 18:01:20," ,"
,tcp,172.16.0.251,,192.168.1.114,49910,,10.0.0.251,,,,200.200.200.200,21,,,,,,pass,trust_untrust_024 | 2020/10/05 18:01:20," ,"
,tcp,172.16.0.251,,192.168.1.116,32659,10.0.0.100,10.0.0.251,,111.111.111.113,54021,200.200.200.200,54021,,,,,,pass,trust_untrust_026 | 2020/10/05 18:01:20," ,"
,tcp,172.16.0.251,,192.168.1.115,50051,10.0.0.100,10.0.0.251,,111.111.111.113,21,200.200.200.200,21,,,,,,pass,trust_untrust_025 | 2020/10/05 18:01:20," ,"
,tcp,172.16.0.251,,192.168.1.115,35092,10.0.0.100,10.0.0.251,,111.111.111.113,34754,200.200.200.200,34754,,,,,,pass,trust_untrust_025 | 2020/10/05 18:01:20," ,"
,tcp,172.16.0.251,,192.168.1.115,63450,10.0.0.100,10.0.0.251,,111.111.111.113,21,200.200.200.200,21,,,,,,pass,trust_untrust_025 | 2020/10/05 18:01:20," ,"
,tcp,172.16.0.251,,192.168.1.115,43682,10.0.0.100,10.0.0.251,,111.111.111.113,35650,200.200.200.200,35650,,,,,,pass,trust_untrust_025 | 2020/10/05 18:01:20," ,"
,tcp,172.16.20.251,20,172.16.20.100,61122,,172.16.30.251,30,,,172.16.30.100,21,,,,,,pass,dmz1_dmz2_003 | 2020/10/05 18:01:14," ,"
,tcp,172.16.30.251,30,172.16.30.100,20,,172.16.20.251,20,,,172.16.20.100,65377,,,,,,pass,dmz1_dmz2_003 | 2020/10/05 18:01:14," ,"
,tcp,172.16.30.251,30,172.16.30.100,20,,172.16.20.251,20,,,172.16.20.100,38333,,,,,,pass,dmz1_dmz2_003 | 2020/10/05 18:01:14," ,"
,tcp,172.16.30.251,30,172.16.30.100,20,,172.16.20.251,20,,,172.16.20.100,56873,,,,,,pass,dmz1_dmz2_003 | 2020/10/05 18:01:14," ,"
,tcp,172.16.30.251,30,172.30.2.100,20,,172.16.20.251,20,,,172.30.1.100,22931,,,,,,pass,dmz1_dmz2_001 | 2020/10/05 18:01:12," ,"
,tcp,172.16.30.251,30,172.30.2.100,20,,172.16.20.251,20,,,172.30.1.100,42267,,,,,,pass,dmz1_dmz2_001 | 2020/10/05 18:01:12," ,"
,tcp,172.16.20.251,20,172.30.1.100,63256,,172.16.30.251,30,,,172.30.2.100,21,,,,,,pass,dmz1_dmz2_001 | 2020/10/05 18:01:12," ,"
,tcp,172.16.30.251,30,172.30.2.100,20,,172.16.20.251,20,,,172.30.1.100,61883,,,,,,pass,dmz1_dmz2_001 | 2020/10/05 18:01:12," ,"
,tcp,172.16.0.251,,192.168.1.100,65032,,10.0.0.251,,,,200.200.200.200,21,,,,,,pass,trust_untrust_001 | 2020/10/05 18:01:12," ,"
,tcp,10.0.0.251,,200.200.200.200,20,,172.16.0.251,,,,192.168.1.100,6788,,,,,,pass,trust_untrust_001 | 2020/10/05 18:01:12," ,"
,tcp,10.0.0.251,,200.200.200.200,20,,172.16.0.251,,,,192.168.1.100,38041,,,,,,pass,trust_untrust_001 | 2020/10/05 18:01:12," ,"
,tcp,10.0.0.251,,200.200.200.200,20,,172.16.0.251,,,,192.168.1.100,36795,,,,,,pass,trust_untrust_001 | 2020/10/05 18:01:12," ,"
,tcp,172.16.0.251,,192.168.1.100,65535,,10.0.0.251,,,,200.200.200.200,21,,,,,,pass,trust_untrust_001 | 2020/10/05 18:01:12," ,"
,tcp,10.0.0.251,,200.200.200.200,20,,172.16.0.251,,,,192.168.1.100,35158,,,,,,pass,trust_untrust_001 | 2020/10/05 18:01:12," ,"
,tcp,10.0.0.251,,200.200.200.200,20,,172.16.0.251,,,,192.168.1.100,3166,,,,,,pass,trust_untrust_001 | 2020/10/05 18:01:12," ,"
,tcp,10.0.0.251,,200.200.200.200,20,,172.16.0.251,,,,192.168.1.100,53619,,,,,,pass,trust_untrust_001 | 2020/10/05 18:01:12," ,"
,tcp,172.16.0.251,,192.168.1.100,1,,10.0.0.251,,,,200.200.200.200,21,,,,,,pass,trust_untrust_001 | 2020/10/05 18:01:12," ,"
,tcp,10.0.0.251,,200.200.200.200,20,,172.16.0.251,,,,192.168.1.100,33349,,,,,,pass,trust_untrust_001 | 2020/10/05 18:01:12," ,"
,tcp,10.0.0.251,,200.200.200.200,20,,172.16.0.251,,,,192.168.1.100,56393,,,,,,pass,trust_untrust_001 | 2020/10/05 18:01:12," ,"
,tcp,10.0.0.251,,200.200.200.200,20,,172.16.0.251,,,,192.168.1.100,6583,,,,,,pass,trust_untrust_001 | 2020/10/05 18:01:12," ,"
,tcp,172.16.0.251,,192.168.1.100,55319,,172.16.30.251,30,,,172.30.2.100,21,,,,,,pass,trust_dmz2_001 | 2020/10/05 18:01:12," ,"
,tcp,172.16.30.251,30,172.30.2.100,20,,172.16.0.251,,,,192.168.1.100,62532,,,,,,pass,trust_dmz2_001 | 2020/10/05 18:01:12," ,"
,tcp,172.16.30.251,30,172.30.2.100,20,,172.16.0.251,,,,192.168.1.100,24779,,,,,,pass,trust_dmz2_001 | 2020/10/05 18:01:12," ,"
,tcp,172.16.30.251,30,172.30.2.100,20,,172.16.0.251,,,,192.168.1.100,14277,,,,,,pass,trust_dmz2_001 | 2020/10/05 18:01:12," ,"
,tcp,172.16.0.251,,192.168.1.100,56815,,172.16.20.251,20,,,172.30.1.100,21,,,,,,pass,trust_dmz1_001 | 2020/10/05 18:01:12," ,"
,tcp,172.16.20.251,20,172.30.1.100,20,,172.16.0.251,,,,192.168.1.100,54617,,,,,,pass,trust_dmz1_001 | 2020/10/05 18:01:12," ,"
,tcp,172.16.20.251,20,172.30.1.100,20,,172.16.0.251,,,,192.168.1.100,22045,,,,,,pass,trust_dmz1_001 | 2020/10/05 18:01:12," ,"
,tcp,172.16.20.251,20,172.30.1.100,20,,172.16.0.251,,,,192.168.1.100,57710,,,,,,pass,trust_dmz1_001 | 2020/10/05 18:01:12," ,"
,tcp,172.16.0.251,,192.168.1.100,61704,10.0.0.251,10.0.0.251,,172.16.0.11,21,10.0.0.105,21,,,,,,pass,trust_untrust_016 | 2020/10/05 18:01:12," ,"
,tcp,10.0.0.251,,10.0.0.105,20,172.16.0.11,172.16.0.251,,10.0.0.251,3957,192.168.1.100,60913,,,,,,pass,trust_untrust_016 | 2020/10/05 18:01:12," ,"
,tcp,10.0.0.251,,10.0.0.105,20,172.16.0.11,172.16.0.251,,10.0.0.251,31131,192.168.1.100,63382,,,,,,pass,trust_untrust_016 | 2020/10/05 18:01:12," ,"
,tcp,10.0.0.251,,10.0.0.105,20,172.16.0.11,172.16.0.251,,10.0.0.251,15124,192.168.1.100,7051,,,,,,pass,trust_untrust_016 | 2020/10/05 18:01:12," ,"
,tcp,172.16.0.251,,192.168.1.100,61776,192.168.1.100,10.0.0.251,,100.100.100.112,21,10.0.0.102,21,,,,,,pass,trust_untrust_015 | 2020/10/05 18:01:12," ,"
,tcp,10.0.0.251,,10.0.0.102,20,100.100.100.112,172.16.0.251,,192.168.1.100,22103,192.168.1.100,22103,,,,,,pass,trust_untrust_015 | 2020/10/05 18:01:12," ,"
,tcp,10.0.0.251,,10.0.0.102,20,100.100.100.112,172.16.0.251,,192.168.1.100,52065,192.168.1.100,52065,,,,,,pass,trust_untrust_015 | 2020/10/05 18:01:12," ,"
,tcp,10.0.0.251,,10.0.0.102,20,100.100.100.112,172.16.0.251,,192.168.1.100,26287,192.168.1.100,26287,,,,,,pass,trust_untrust_015 | 2020/10/05 18:01:12," ,"
,tcp,10.0.0.251,,10.0.0.120,20,10.0.0.120,172.16.0.251,,10.0.0.100,29685,192.168.1.104,29685,,,,,,pass,trust_untrust_011 | 2020/10/05 18:01:12," ,"
,tcp,10.0.0.251,,10.0.0.120,20,10.0.0.120,172.16.0.251,,10.0.0.100,43376,192.168.1.104,43376,,,,,,pass,trust_untrust_011 | 2020/10/05 18:01:12," ,"
,tcp,172.16.0.251,,192.168.1.100,63236,,10.0.0.251,,,,10.0.0.120,21,,,,,,pass,trust_untrust_010 | 2020/10/05 18:01:12," ,"
,tcp,10.0.0.251,,10.0.0.120,20,,172.16.0.251,,,,192.168.1.100,12419,,,,,,pass,trust_untrust_010 | 2020/10/05 18:01:12," ,"
,tcp,10.0.0.251,,10.0.0.120,20,,172.16.0.251,,,,192.168.1.100,42339,,,,,,pass,trust_untrust_010 | 2020/10/05 18:01:12," ,"
,tcp,10.0.0.251,,10.0.0.120,20,,172.16.0.251,,,,192.168.1.100,42308,,,,,,pass,trust_untrust_010 | 2020/10/05 18:01:12," ,"
,tcp,172.16.0.251,,192.168.1.100,64427,10.0.0.251,10.0.0.251,,172.16.0.10,21,211.211.211.211,21,,,,,,pass,trust_untrust_008 | 2020/10/05 18:01:12," ,"
,tcp,10.0.0.251,,211.211.211.211,20,172.16.0.10,172.16.0.251,,10.0.0.251,6765,192.168.1.100,19797,,,,,,pass,trust_untrust_008 | 2020/10/05 18:01:12," ,"
,tcp,10.0.0.251,,211.211.211.211,20,172.16.0.10,172.16.0.251,,10.0.0.251,12056,192.168.1.100,37494,,,,,,pass,trust_untrust_008 | 2020/10/05 18:01:12," ,"
,tcp,10.0.0.251,,211.211.211.211,20,172.16.0.10,172.16.0.251,,10.0.0.251,34952,192.168.1.100,27774,,,,,,pass,trust_untrust_008 | 2020/10/05 18:01:12," ,"
,tcp,172.16.0.251,,192.168.1.100,57097,192.168.1.100,10.0.0.251,,172.16.0.254,21,200.200.200.203,21,,,,,,pass,trust_untrust_007 | 2020/10/05 18:01:12," ,"
,tcp,10.0.0.251,,200.200.200.203,20,172.16.0.254,172.16.0.251,,192.168.1.100,19700,192.168.1.100,19700,,,,,,pass,trust_untrust_007 | 2020/10/05 18:01:12," ,"
,tcp,10.0.0.251,,200.200.200.203,20,172.16.0.254,172.16.0.251,,192.168.1.100,38977,192.168.1.100,38977,,,,,,pass,trust_untrust_007 | 2020/10/05 18:01:12," ,"
,tcp,10.0.0.251,,200.200.200.203,20,172.16.0.254,172.16.0.251,,192.168.1.100,3605,192.168.1.100,3605,,,,,,pass,trust_untrust_007 | 2020/10/05 18:01:12," ,"
,tcp,172.16.0.251,,192.168.1.100,65234,192.168.1.100,10.0.0.251,,100.100.100.111,21,200.200.200.202,21,,,,,,pass,trust_untrust_006 | 2020/10/05 18:01:12," ,"
,tcp,10.0.0.251,,200.200.200.202,20,100.100.100.111,172.16.0.251,,192.168.1.100,20969,192.168.1.100,20969,,,,,,pass,trust_untrust_006 | 2020/10/05 18:01:12," ,"
,tcp,10.0.0.251,,200.200.200.202,20,100.100.100.111,172.16.0.251,,192.168.1.100,56982,192.168.1.100,56982,,,,,,pass,trust_untrust_006 | 2020/10/05 18:01:12," ,"
,tcp,10.0.0.251,,200.200.200.202,20,100.100.100.111,172.16.0.251,,192.168.1.100,43786,192.168.1.100,43786,,,,,,pass,trust_untrust_006 | 2020/10/05 18:01:12," ,"
,tcp,10.0.0.251,,200.200.200.200,20,200.200.200.200,172.16.0.251,,10.0.0.100,10065,192.168.1.101,10065,,,,,,pass,trust_untrust_002 | 2020/10/05 18:01:12," ,"
,tcp,10.0.0.251,,200.200.200.200,20,200.200.200.200,172.16.0.251,,10.0.0.100,51439,192.168.1.101,51439,,,,,,pass,trust_untrust_002 | 2020/10/05 18:01:12," ,"
,tcp,10.0.0.251,,200.200.200.200,20,200.200.200.200,172.16.0.251,,10.0.0.100,46291,192.168.1.101,46291,,,,,,pass,trust_untrust_002 | 2020/10/05 18:01:12," ,"
,tcp,172.16.0.251,,192.168.1.101,53925,10.0.0.100,10.0.0.251,,200.200.200.200,21,200.200.200.200,21,,,,,,pass,trust_untrust_002 | 2020/10/05 18:01:12," ,"
,tcp,10.0.0.251,,200.200.200.200,20,200.200.200.200,172.16.0.251,,100.100.100.100,38055,192.168.1.102,38055,,,,,,pass,trust_untrust_003 | 2020/10/05 18:01:12," ,"
,tcp,10.0.0.251,,200.200.200.200,20,200.200.200.200,172.16.0.251,,100.100.100.100,13005,192.168.1.102,13005,,,,,,pass,trust_untrust_003 | 2020/10/05 18:01:12," ,"
,tcp,10.0.0.251,,200.200.200.200,20,200.200.200.200,172.16.0.251,,100.100.100.100,3255,192.168.1.102,3255,,,,,,pass,trust_untrust_003 | 2020/10/05 18:01:12," ,"
,tcp,172.16.0.251,,192.168.1.102,52288,100.100.100.100,10.0.0.251,,200.200.200.200,21,200.200.200.200,21,,,,,,pass,trust_untrust_003 | 2020/10/05 18:01:12," ,"
,tcp,10.0.0.251,,200.200.200.200,20,200.200.200.200,172.16.0.251,,10.0.0.251,9353,192.168.1.103,28611,,,,,,pass,trust_untrust_004 | 2020/10/05 18:01:12," ,"
,tcp,10.0.0.251,,200.200.200.200,20,200.200.200.200,172.16.0.251,,10.0.0.251,35871,192.168.1.103,36662,,,,,,pass,trust_untrust_004 | 2020/10/05 18:01:12," ,"
,tcp,10.0.0.251,,200.200.200.200,20,200.200.200.200,172.16.0.251,,10.0.0.251,13847,192.168.1.103,23837,,,,,,pass,trust_untrust_004 | 2020/10/05 18:01:12," ,"
,tcp,172.16.0.251,,192.168.1.103,53888,10.0.0.251,10.0.0.251,,200.200.200.200,21,200.200.200.200,21,,,,,,pass,trust_untrust_004 | 2020/10/05 18:01:12," ,"
,tcp,10.0.0.251,,200.200.200.201,20,172.16.0.111,172.16.0.251,,192.168.1.100,31199,192.168.1.100,31199,,,,,,pass,trust_untrust_005 | 2020/10/05 18:01:12," ,"
,tcp,10.0.0.251,,200.200.200.201,20,172.16.0.111,172.16.0.251,,192.168.1.100,37727,192.168.1.100,37727,,,,,,pass,trust_untrust_005 | 2020/10/05 18:01:12," ,"
,tcp,10.0.0.251,,200.200.200.201,20,172.16.0.111,172.16.0.251,,192.168.1.100,63352,192.168.1.100,63352,,,,,,pass,trust_untrust_005 | 2020/10/05 18:01:12," ,"
,tcp,172.16.0.251,,192.168.1.100,53064,192.168.1.100,10.0.0.251,,172.16.0.111,21,200.200.200.201,21,,,,,,pass,trust_untrust_005 | 2020/10/05 18:01:12," ,"
,tcp,172.16.0.251,,192.168.1.105,55628,100.100.100.100,10.0.0.251,,10.0.0.120,21,10.0.0.120,21,,,,,,pass,trust_untrust_012 | 2020/10/05 18:01:12," ,"
,tcp,10.0.0.251,,10.0.0.120,20,10.0.0.120,172.16.0.251,,10.0.0.251,36704,192.168.1.106,33774,,,,,,pass,trust_untrust_013 | 2020/10/05 18:01:12," ,"
,tcp,10.0.0.251,,10.0.0.120,20,10.0.0.120,172.16.0.251,,10.0.0.251,43137,192.168.1.106,14952,,,,,,pass,trust_untrust_013 | 2020/10/05 18:01:12," ,"
,tcp,10.0.0.251,,10.0.0.120,20,10.0.0.120,172.16.0.251,,10.0.0.251,43268,192.168.1.106,63184,,,,,,pass,trust_untrust_013 | 2020/10/05 18:01:12," ,"
,tcp,172.16.0.251,,192.168.1.106,64879,10.0.0.251,10.0.0.251,,10.0.0.120,21,10.0.0.120,21,,,,,,pass,trust_untrust_013 | 2020/10/05 18:01:12," ,"
,tcp,10.0.0.251,,10.0.0.101,20,172.16.0.112,172.16.0.251,,192.168.1.100,1884,192.168.1.100,1884,,,,,,pass,trust_untrust_014 | 2020/10/05 18:01:12," ,"
,tcp,10.0.0.251,,10.0.0.101,20,172.16.0.112,172.16.0.251,,192.168.1.100,64461,192.168.1.100,64461,,,,,,pass,trust_untrust_014 | 2020/10/05 18:01:12," ,"
,tcp,10.0.0.251,,10.0.0.101,20,172.16.0.112,172.16.0.251,,192.168.1.100,10887,192.168.1.100,10887,,,,,,pass,trust_untrust_014 | 2020/10/05 18:01:12," ,"
,tcp,172.16.0.251,,192.168.1.100,59580,192.168.1.100,10.0.0.251,,172.16.0.112,21,10.0.0.101,21,,,,,,pass,trust_untrust_014 | 2020/10/05 18:01:12," ,"
,tcp,10.0.0.251,,10.0.0.120,20,10.0.0.120,172.16.0.251,,100.100.100.100,15429,192.168.1.105,15429,,,,,,pass,trust_untrust_012 | 2020/10/05 18:01:12," ,"
,tcp,10.0.0.251,,10.0.0.120,20,10.0.0.120,172.16.0.251,,100.100.100.100,56679,192.168.1.105,56679,,,,,,pass,trust_untrust_012 | 2020/10/05 18:01:12," ,"
,tcp,10.0.0.251,,10.0.0.120,20,10.0.0.120,172.16.0.251,,100.100.100.100,26678,192.168.1.105,26678,,,,,,pass,trust_untrust_012 | 2020/10/05 18:01:12," ,"
,tcp,172.16.0.251,,192.168.1.104,60066,10.0.0.100,10.0.0.251,,10.0.0.120,21,10.0.0.120,21,,,,,,pass,trust_untrust_011 | 2020/10/05 18:01:12," ,"
,tcp,10.0.0.251,,10.0.0.120,20,10.0.0.120,172.16.0.251,,10.0.0.100,17461,192.168.1.104,17461,,,,,,pass,trust_untrust_011 | 2020/10/05 18:01:12," ,"
,tcp,172.16.0.251,,192.168.1.100,63029,,10.0.0.251,,,,200.200.200.200,21,,,,,,pass,trust_untrust_001 | 2020/10/05 18:01:11," ,"
,tcp,10.0.0.251,,200.200.200.200,20,,172.16.0.251,,,,192.168.1.100,60066,,,,,,pass,trust_untrust_001 | 2020/10/05 18:01:11," ,"
,tcp,10.0.0.251,,200.200.200.200,20,,172.16.0.251,,,,192.168.1.100,59835,,,,,,pass,trust_untrust_001 | 2020/10/05 18:01:11," ,"
,tcp,10.0.0.251,,200.200.200.200,20,,172.16.0.251,,,,192.168.1.100,7055,,,,,,pass,trust_untrust_001 | 2020/10/05 18:01:11," ,"
,tcp,10.0.0.251,,172.30.1.110,64119,,172.16.30.251,,,,172.30.2.110,21,,,,,,drop,dmz1_dmz2_002 | 2020/10/05 18:00:59," ,"
,tcp,10.0.0.251,,172.30.1.110,62163,,172.16.30.251,,,,172.30.2.110,21,,,,,,drop,dmz1_dmz2_002 | 2020/10/05 18:00:59," ,"
,tcp,10.0.0.251,,172.30.1.110,53762,,172.16.30.251,,,,172.30.2.110,21,,,,,,drop,dmz1_dmz2_002 | 2020/10/05 18:00:59," ,"
,tcp,10.0.0.251,,172.30.1.110,53230,,172.16.30.251,,,,172.30.2.110,21,,,,,,drop,dmz1_dmz2_002 | 2020/10/05 18:00:58," ,"
,tcp,10.0.0.251,,172.30.1.110,54037,,172.16.30.251,,,,172.30.2.110,21,,,,,,drop,dmz1_dmz2_002 | 2020/10/05 18:00:58," ,"
,tcp,172.16.20.251,20,172.16.20.100,17499,,172.16.30.251,30,,,172.16.30.100,57231,,,,,,pass,dmz1_dmz2_003 | 2020/10/05 18:00:53," ,"
,tcp,172.16.20.251,20,172.16.20.100,42706,,172.16.30.251,30,,,172.16.30.100,44770,,,,,,pass,dmz1_dmz2_003 | 2020/10/05 18:00:53," ,"
,tcp,172.16.20.251,20,172.16.20.100,21894,,172.16.30.251,30,,,172.16.30.100,41954,,,,,,pass,dmz1_dmz2_003 | 2020/10/05 18:00:53," ,"
,tcp,172.16.20.251,20,172.16.20.100,57136,,172.16.30.251,30,,,172.16.30.100,21,,,,,,pass,dmz1_dmz2_003 | 2020/10/05 18:00:53," ,"
,tcp,172.16.0.251,,192.168.1.100,62582,,172.16.20.251,20,,,172.30.1.100,55407,,,,,,pass,trust_dmz1_001 | 2020/10/05 18:00:51," ,"
,tcp,172.16.0.251,,192.168.1.100,18142,,172.16.20.251,20,,,172.30.1.100,19829,,,,,,pass,trust_dmz1_001 | 2020/10/05 18:00:51," ,"
,tcp,172.16.0.251,,192.168.1.100,34288,,172.16.20.251,20,,,172.30.1.100,36785,,,,,,pass,trust_dmz1_001 | 2020/10/05 18:00:51," ,"
,tcp,172.16.0.251,,192.168.1.100,53956,,172.16.20.251,20,,,172.30.1.100,21,,,,,,pass,trust_dmz1_001 | 2020/10/05 18:00:51," ,"
,tcp,172.16.20.251,20,172.30.1.100,65328,,172.16.30.251,30,,,172.30.2.100,21,,,,,,pass,dmz1_dmz2_001 | 2020/10/05 18:00:51," ,"
,tcp,172.16.20.251,20,172.30.1.100,54996,,172.16.30.251,30,,,172.30.2.100,27432,,,,,,pass,dmz1_dmz2_001 | 2020/10/05 18:00:51," ,"
,tcp,172.16.20.251,20,172.30.1.100,7948,,172.16.30.251,30,,,172.30.2.100,18426,,,,,,pass,dmz1_dmz2_001 | 2020/10/05 18:00:51," ,"
,tcp,172.16.20.251,20,172.30.1.100,55705,,172.16.30.251,30,,,172.30.2.100,40999,,,,,,pass,dmz1_dmz2_001 | 2020/10/05 18:00:51," ,"
,tcp,172.16.0.251,,192.168.1.100,61415,,10.0.0.251,,,,200.200.200.200,21,,,,,,pass,trust_untrust_001 | 2020/10/05 18:00:51," ,"
,tcp,172.16.0.251,,192.168.1.100,17895,,10.0.0.251,,,,200.200.200.200,24803,,,,,,pass,trust_untrust_001 | 2020/10/05 18:00:51," ,"
,tcp,172.16.0.251,,192.168.1.100,29120,,10.0.0.251,,,,200.200.200.200,56955,,,,,,pass,trust_untrust_001 | 2020/10/05 18:00:51," ,"
,tcp,172.16.0.251,,192.168.1.100,1339,,10.0.0.251,,,,200.200.200.200,33281,,,,,,pass,trust_untrust_001 | 2020/10/05 18:00:51," ,"
,tcp,172.16.0.251,,192.168.1.100,65535,,10.0.0.251,,,,200.200.200.200,21,,,,,,pass,trust_untrust_001 | 2020/10/05 18:00:51," ,"
,tcp,172.16.0.251,,192.168.1.100,2653,,10.0.0.251,,,,200.200.200.200,59428,,,,,,pass,trust_untrust_001 | 2020/10/05 18:00:51," ,"
,tcp,172.16.0.251,,192.168.1.100,20910,,10.0.0.251,,,,200.200.200.200,39852,,,,,,pass,trust_untrust_001 | 2020/10/05 18:00:51," ,"
,tcp,172.16.0.251,,192.168.1.100,55942,,10.0.0.251,,,,200.200.200.200,53956,,,,,,pass,trust_untrust_001 | 2020/10/05 18:00:51," ,"
,tcp,172.16.0.251,,192.168.1.100,1,,10.0.0.251,,,,200.200.200.200,21,,,,,,pass,trust_untrust_001 | 2020/10/05 18:00:51," ,"
,tcp,172.16.0.251,,192.168.1.100,53340,,10.0.0.251,,,,200.200.200.200,49435,,,,,,pass,trust_untrust_001 | 2020/10/05 18:00:51," ,"
,tcp,172.16.0.251,,192.168.1.100,5163,,10.0.0.251,,,,200.200.200.200,64170,,,,,,pass,trust_untrust_001 | 2020/10/05 18:00:51," ,"
,tcp,172.16.0.251,,192.168.1.100,32142,,10.0.0.251,,,,200.200.200.200,59295,,,,,,pass,trust_untrust_001 | 2020/10/05 18:00:51," ,"
,tcp,172.16.0.251,,192.168.1.100,58836,,172.16.30.251,30,,,172.30.2.100,21,,,,,,pass,trust_dmz2_001 | 2020/10/05 18:00:51," ,"
,tcp,172.16.0.251,,192.168.1.100,56243,,172.16.30.251,30,,,172.30.2.100,60674,,,,,,pass,trust_dmz2_001 | 2020/10/05 18:00:51," ,"
,tcp,172.16.0.251,,192.168.1.100,19114,,172.16.30.251,30,,,172.30.2.100,39420,,,,,,pass,trust_dmz2_001 | 2020/10/05 18:00:51," ,"
,tcp,172.16.0.251,,192.168.1.100,53534,,172.16.30.251,30,,,172.30.2.100,37774,,,,,,pass,trust_dmz2_001 | 2020/10/05 18:00:51," ,"
,tcp,172.16.0.251,,192.168.1.100,63692,,10.0.0.251,,,,10.0.0.120,21471,,,,,,pass,trust_untrust_010 | 2020/10/05 18:00:50," ,"
,tcp,172.16.0.251,,192.168.1.100,52276,,10.0.0.251,,,,10.0.0.120,9040,,,,,,pass,trust_untrust_010 | 2020/10/05 18:00:50," ,"
,tcp,172.16.0.251,,192.168.1.100,39219,,10.0.0.251,,,,10.0.0.120,45052,,,,,,pass,trust_untrust_010 | 2020/10/05 18:00:50," ,"
,tcp,172.16.0.251,,192.168.1.100,58051,10.0.0.251,10.0.0.251,,172.16.0.10,21,211.211.211.211,21,,,,,,pass,trust_untrust_008 | 2020/10/05 18:00:50," ,"
,tcp,172.16.0.251,,192.168.1.100,55095,10.0.0.251,10.0.0.251,,172.16.0.10,39430,211.211.211.211,39430,,,,,,pass,trust_untrust_008 | 2020/10/05 18:00:50," ,"
,tcp,172.16.0.251,,192.168.1.100,58615,10.0.0.251,10.0.0.251,,172.16.0.10,30973,211.211.211.211,30973,,,,,,pass,trust_untrust_008 | 2020/10/05 18:00:50," ,"
,tcp,172.16.0.251,,192.168.1.100,36461,10.0.0.251,10.0.0.251,,172.16.0.10,3298,211.211.211.211,3298,,,,,,pass,trust_untrust_008 | 2020/10/05 18:00:50," ,"
,tcp,172.16.0.251,,192.168.1.100,51767,192.168.1.100,10.0.0.251,,172.16.0.254,21,200.200.200.203,21,,,,,,pass,trust_untrust_007 | 2020/10/05 18:00:50," ,"
,tcp,172.16.0.251,,192.168.1.100,34377,192.168.1.100,10.0.0.251,,172.16.0.254,10901,200.200.200.203,10901,,,,,,pass,trust_untrust_007 | 2020/10/05 18:00:50," ,"
,tcp,172.16.0.251,,192.168.1.100,7250,192.168.1.100,10.0.0.251,,172.16.0.254,18203,200.200.200.203,18203,,,,,,pass,trust_untrust_007 | 2020/10/05 18:00:50," ,"
,tcp,172.16.0.251,,192.168.1.100,49042,192.168.1.100,10.0.0.251,,172.16.0.254,47266,200.200.200.203,47266,,,,,,pass,trust_untrust_007 | 2020/10/05 18:00:50," ,"
,tcp,172.16.0.251,,192.168.1.100,65528,192.168.1.100,10.0.0.251,,100.100.100.111,21,200.200.200.202,21,,,,,,pass,trust_untrust_006 | 2020/10/05 18:00:50," ,"
,tcp,172.16.0.251,,192.168.1.100,42926,192.168.1.100,10.0.0.251,,100.100.100.111,25159,200.200.200.202,25159,,,,,,pass,trust_untrust_006 | 2020/10/05 18:00:50," ,"
,tcp,172.16.0.251,,192.168.1.100,19344,192.168.1.100,10.0.0.251,,100.100.100.111,15113,200.200.200.202,15113,,,,,,pass,trust_untrust_006 | 2020/10/05 18:00:50," ,"
,tcp,172.16.0.251,,192.168.1.100,43237,192.168.1.100,10.0.0.251,,100.100.100.111,44047,200.200.200.202,44047,,,,,,pass,trust_untrust_006 | 2020/10/05 18:00:50," ,"
,tcp,172.16.0.251,,192.168.1.100,60728,192.168.1.100,10.0.0.251,,172.16.0.111,21,200.200.200.201,21,,,,,,pass,trust_untrust_005 | 2020/10/05 18:00:50," ,"
,tcp,172.16.0.251,,192.168.1.100,40085,192.168.1.100,10.0.0.251,,172.16.0.111,10160,200.200.200.201,10160,,,,,,pass,trust_untrust_005 | 2020/10/05 18:00:50," ,"
,tcp,172.16.0.251,,192.168.1.100,55511,192.168.1.100,10.0.0.251,,172.16.0.111,12982,200.200.200.201,12982,,,,,,pass,trust_untrust_005 | 2020/10/05 18:00:50," ,"
,tcp,172.16.0.251,,192.168.1.100,46845,192.168.1.100,10.0.0.251,,172.16.0.111,49418,200.200.200.201,49418,,,,,,pass,trust_untrust_005 | 2020/10/05 18:00:50," ,"
,tcp,172.16.0.251,,192.168.1.103,4991,10.0.0.251,10.0.0.251,,200.200.200.200,39035,200.200.200.200,39035,,,,,,pass,trust_untrust_004 | 2020/10/05 18:00:50," ,"
,tcp,172.16.0.251,,192.168.1.103,13096,10.0.0.251,10.0.0.251,,200.200.200.200,23527,200.200.200.200,23527,,,,,,pass,trust_untrust_004 | 2020/10/05 18:00:50," ,"
,tcp,172.16.0.251,,192.168.1.103,31468,10.0.0.251,10.0.0.251,,200.200.200.200,38665,200.200.200.200,38665,,,,,,pass,trust_untrust_004 | 2020/10/05 18:00:50," ,"
,tcp,172.16.0.251,,192.168.1.103,60477,10.0.0.251,10.0.0.251,,200.200.200.200,21,200.200.200.200,21,,,,,,pass,trust_untrust_004 | 2020/10/05 18:00:50," ,"
,tcp,172.16.0.251,,192.168.1.100,56692,10.0.0.251,10.0.0.251,,172.16.0.11,21,10.0.0.105,21,,,,,,pass,trust_untrust_016 | 2020/10/05 18:00:50," ,"
,tcp,172.16.0.251,,192.168.1.100,19985,10.0.0.251,10.0.0.251,,172.16.0.11,32018,10.0.0.105,32018,,,,,,pass,trust_untrust_016 | 2020/10/05 18:00:50," ,"
,tcp,172.16.0.251,,192.168.1.100,42860,10.0.0.251,10.0.0.251,,172.16.0.11,6466,10.0.0.105,6466,,,,,,pass,trust_untrust_016 | 2020/10/05 18:00:50," ,"
,tcp,172.16.0.251,,192.168.1.100,34760,10.0.0.251,10.0.0.251,,172.16.0.11,18284,10.0.0.105,18284,,,,,,pass,trust_untrust_016 | 2020/10/05 18:00:50," ,"
,tcp,172.16.0.251,,192.168.1.100,55814,192.168.1.100,10.0.0.251,,100.100.100.112,21,10.0.0.102,21,,,,,,pass,trust_untrust_015 | 2020/10/05 18:00:50," ,"
,tcp,172.16.0.251,,192.168.1.100,26653,192.168.1.100,10.0.0.251,,100.100.100.112,16902,10.0.0.102,16902,,,,,,pass,trust_untrust_015 | 2020/10/05 18:00:50," ,"
,tcp,172.16.0.251,,192.168.1.100,63762,192.168.1.100,10.0.0.251,,100.100.100.112,10266,10.0.0.102,10266,,,,,,pass,trust_untrust_015 | 2020/10/05 18:00:50," ,"
,tcp,172.16.0.251,,192.168.1.100,4602,192.168.1.100,10.0.0.251,,100.100.100.112,21120,10.0.0.102,21120,,,,,,pass,trust_untrust_015 | 2020/10/05 18:00:50," ,"
,tcp,172.16.0.251,,192.168.1.100,62375,192.168.1.100,10.0.0.251,,172.16.0.112,21,10.0.0.101,21,,,,,,pass,trust_untrust_014 | 2020/10/05 18:00:50," ,"
,tcp,172.16.0.251,,192.168.1.100,17832,192.168.1.100,10.0.0.251,,172.16.0.112,45593,10.0.0.101,45593,,,,,,pass,trust_untrust_014 | 2020/10/05 18:00:50," ,"
,tcp,172.16.0.251,,192.168.1.100,9667,192.168.1.100,10.0.0.251,,172.16.0.112,11297,10.0.0.101,11297,,,,,,pass,trust_untrust_014 | 2020/10/05 18:00:50," ,"
,tcp,172.16.0.251,,192.168.1.100,56025,192.168.1.100,10.0.0.251,,172.16.0.112,6049,10.0.0.101,6049,,,,,,pass,trust_untrust_014 | 2020/10/05 18:00:50," ,"
,tcp,172.16.0.251,,192.168.1.106,49952,10.0.0.251,10.0.0.251,,10.0.0.120,21,10.0.0.120,21,,,,,,pass,trust_untrust_013 | 2020/10/05 18:00:50," ,"
,tcp,172.16.0.251,,192.168.1.106,12017,10.0.0.251,10.0.0.251,,10.0.0.120,58735,10.0.0.120,58735,,,,,,pass,trust_untrust_013 | 2020/10/05 18:00:50," ,"
,tcp,172.16.0.251,,192.168.1.106,29098,10.0.0.251,10.0.0.251,,10.0.0.120,60564,10.0.0.120,60564,,,,,,pass,trust_untrust_013 | 2020/10/05 18:00:50," ,"
,tcp,172.16.0.251,,192.168.1.106,21231,10.0.0.251,10.0.0.251,,10.0.0.120,53220,10.0.0.120,53220,,,,,,pass,trust_untrust_013 | 2020/10/05 18:00:50," ,"
,tcp,172.16.0.251,,192.168.1.105,59638,100.100.100.100,10.0.0.251,,10.0.0.120,21,10.0.0.120,21,,,,,,pass,trust_untrust_012 | 2020/10/05 18:00:50," ,"
,tcp,172.16.0.251,,192.168.1.105,39043,100.100.100.100,10.0.0.251,,10.0.0.120,13520,10.0.0.120,13520,,,,,,pass,trust_untrust_012 | 2020/10/05 18:00:50," ,"
,tcp,172.16.0.251,,192.168.1.105,4881,100.100.100.100,10.0.0.251,,10.0.0.120,2669,10.0.0.120,2669,,,,,,pass,trust_untrust_012 | 2020/10/05 18:00:50," ,"
,tcp,172.16.0.251,,192.168.1.105,35403,100.100.100.100,10.0.0.251,,10.0.0.120,16613,10.0.0.120,16613,,,,,,pass,trust_untrust_012 | 2020/10/05 18:00:50," ,"
,tcp,172.16.0.251,,192.168.1.104,53422,10.0.0.100,10.0.0.251,,10.0.0.120,21,10.0.0.120,21,,,,,,pass,trust_untrust_011 | 2020/10/05 18:00:50," ,"
,tcp,172.16.0.251,,192.168.1.104,7653,10.0.0.100,10.0.0.251,,10.0.0.120,60497,10.0.0.120,60497,,,,,,pass,trust_untrust_011 | 2020/10/05 18:00:50," ,"
,tcp,172.16.0.251,,192.168.1.104,8365,10.0.0.100,10.0.0.251,,10.0.0.120,38515,10.0.0.120,38515,,,,,,pass,trust_untrust_011 | 2020/10/05 18:00:50," ,"
,tcp,172.16.0.251,,192.168.1.104,60131,10.0.0.100,10.0.0.251,,10.0.0.120,24646,10.0.0.120,24646,,,,,,pass,trust_untrust_011 | 2020/10/05 18:00:50," ,"
,tcp,172.16.0.251,,192.168.1.100,60227,,10.0.0.251,,,,10.0.0.120,21,,,,,,pass,trust_untrust_010 | 2020/10/05 18:00:50," ,"
,tcp,172.16.0.251,,192.168.1.102,47688,100.100.100.100,10.0.0.251,,200.200.200.200,24318,200.200.200.200,24318,,,,,,pass,trust_untrust_003 | 2020/10/05 18:00:49," ,"
,tcp,172.16.0.251,,192.168.1.102,61397,100.100.100.100,10.0.0.251,,200.200.200.200,21,200.200.200.200,21,,,,,,pass,trust_untrust_003 | 2020/10/05 18:00:49," ,"
,tcp,172.16.0.251,,192.168.1.102,46500,100.100.100.100,10.0.0.251,,200.200.200.200,36143,200.200.200.200,36143,,,,,,pass,trust_untrust_003 | 2020/10/05 18:00:49," ,"
,tcp,172.16.0.251,,192.168.1.102,33685,100.100.100.100,10.0.0.251,,200.200.200.200,37777,200.200.200.200,37777,,,,,,pass,trust_untrust_003 | 2020/10/05 18:00:49," ,"
,tcp,172.16.0.251,,192.168.1.101,63755,10.0.0.100,10.0.0.251,,200.200.200.200,21,200.200.200.200,21,,,,,,pass,trust_untrust_002 | 2020/10/05 18:00:49," ,"
,tcp,172.16.0.251,,192.168.1.101,5253,10.0.0.100,10.0.0.251,,200.200.200.200,13523,200.200.200.200,13523,,,,,,pass,trust_untrust_002 | 2020/10/05 18:00:49," ,"
,tcp,172.16.0.251,,192.168.1.101,43412,10.0.0.100,10.0.0.251,,200.200.200.200,62758,200.200.200.200,62758,,,,,,pass,trust_untrust_002 | 2020/10/05 18:00:49," ,"
,tcp,172.16.0.251,,192.168.1.101,44794,10.0.0.100,10.0.0.251,,200.200.200.200,34777,200.200.200.200,34777,,,,,,pass,trust_untrust_002 | 2020/10/05 18:00:49," ,"
,tcp,172.16.0.251,,192.168.1.100,61971,,10.0.0.251,,,,200.200.200.200,21,,,,,,pass,trust_untrust_001 | 2020/10/05 18:00:49," ,"
,tcp,172.16.0.251,,192.168.1.100,39643,,10.0.0.251,,,,200.200.200.200,21737,,,,,,pass,trust_untrust_001 | 2020/10/05 18:00:49," ,"
,tcp,172.16.0.251,,192.168.1.100,54922,,10.0.0.251,,,,200.200.200.200,43868,,,,,,pass,trust_untrust_001 | 2020/10/05 18:00:49," ,"
,tcp,172.16.0.251,,192.168.1.100,40869,,10.0.0.251,,,,200.200.200.200,13910,,,,,,pass,trust_untrust_001 | 2020/10/05 18:00:49," ,"
,tcp,172.16.20.251,20,172.16.20.100,64108,,172.16.30.251,30,,,172.16.30.100,21,,,,,,pass,dmz1_dmz2_003 | 2020/10/05 18:00:48," ,"
,tcp,172.16.20.251,20,172.16.20.100,61049,,172.16.30.251,30,,,172.16.30.100,21,,,,,,pass,dmz1_dmz2_003 | 2020/10/05 18:00:43," ,"
,tcp,172.16.0.251,,192.168.1.100,64317,,172.16.30.251,30,,,172.30.2.100,21,,,,,,pass,trust_dmz2_001 | 2020/10/05 18:00:41," ,"
,tcp,172.16.0.251,,192.168.1.100,54177,,172.16.20.251,20,,,172.30.1.100,21,,,,,,pass,trust_dmz1_001 | 2020/10/05 18:00:40," ,"
,tcp,172.16.0.251,,172.30.1.110,63657,,172.16.30.251,20,,,172.30.2.110,21,,,,,,drop,dmz1_dmz2_002 | 2020/10/05 18:00:37," ,"
,tcp,172.16.0.251,,172.30.1.110,56439,,172.16.30.251,20,,,172.30.2.110,21,,,,,,drop,dmz1_dmz2_002 | 2020/10/05 18:00:37," ,"
,tcp,172.16.0.251,,172.30.1.110,53327,,172.16.30.251,20,,,172.30.2.110,21,,,,,,drop,dmz1_dmz2_002 | 2020/10/05 18:00:37," ,"
,tcp,172.16.0.251,,172.30.1.110,63208,,172.16.30.251,20,,,172.30.2.110,21,,,,,,drop,dmz1_dmz2_002 | 2020/10/05 18:00:37," ,"
,tcp,172.16.0.251,,172.30.1.110,64327,,172.16.30.251,20,,,172.30.2.110,21,,,,,,drop,dmz1_dmz2_002 | 2020/10/05 18:00:36," ,"
,tcp,172.16.0.251,,192.168.1.100,54380,,10.0.0.251,,,,200.200.200.205,443,,,,,,pass,https_inspection | 2020/10/05 17:31:34," ,"
,tcp,172.16.0.251,,192.168.1.100,59928,,10.0.0.251,,,,200.200.200.205,443,,,,,,pass,https_inspection | 2020/10/05 17:31:28," ,"
,tcp,172.16.0.251,,192.168.1.100,51345,,10.0.0.251,,,,200.200.200.205,443,,,,,,pass,https_inspection | 2020/10/05 17:31:23," ,"
,tcp,172.16.0.251,,192.168.1.100,53986,,10.0.0.251,,,,200.200.200.205,443,,,,,,pass,https_inspection | 2020/10/05 17:31:18," ,"
,tcp,172.16.0.251,,192.168.1.100,64744,,10.0.0.251,,,,200.200.200.205,443,,,,,,pass,https_inspection | 2020/10/05 17:31:14," ,"
,tcp,172.16.0.251,,192.168.1.100,62348,,10.0.0.251,,,,200.200.200.205,443,,,,,,pass,https_inspection | 2020/10/05 17:28:20," ,"
,tcp,172.16.0.251,,192.168.1.100,60558,,10.0.0.251,,,,200.200.200.205,443,,,,,,pass,https_inspection | 2020/10/05 17:28:16," ,"
,tcp,172.16.0.251,,192.168.1.100,56521,,10.0.0.251,,,,200.200.200.205,443,,,,,,pass,https_inspection | 2020/10/05 17:28:15," ,"
,tcp,172.16.0.251,,192.168.1.100,54294,,10.0.0.251,,,,200.200.200.205,443,,,,,,pass,https_inspection | 2020/10/05 17:28:14," ,"
,tcp,172.16.0.251,,192.168.1.100,61345,,10.0.0.251,,,,200.200.200.205,443,,,,,,pass,https_inspection | 2020/10/05 17:28:13," ,"
,tcp,172.16.0.251,,192.168.1.100,57331,,10.0.0.251,,,,200.200.200.205,443,,,,,,pass,https_inspection | 2020/10/05 17:28:12," ,"
,tcp,172.16.0.251,,192.168.1.100,64943,,10.0.0.251,,,,200.200.200.205,443,,,,,,pass,https_inspection | 2020/10/05 17:27:51," ,"
,tcp,172.16.0.251,,192.168.1.100,59906,,10.0.0.251,,,,200.200.200.205,443,,,,,,pass,https_inspection | 2020/10/05 17:26:38," ,"
,tcp,172.16.0.251,,192.168.1.100,56621,,10.0.0.251,,,,200.200.200.205,443,,,,,,pass,https_inspection | 2020/10/05 17:26:36," ,"
,tcp,172.16.0.251,,192.168.1.100,60183,,10.0.0.251,,,,200.200.200.205,443,,,,,,pass,https_inspection | 2020/10/05 17:26:35," ,"
,tcp,172.16.0.251,,192.168.1.100,53365,,10.0.0.251,,,,200.200.200.205,443,,,,,,pass,https_inspection | 2020/10/05 17:26:33," ,"
,tcp,172.16.0.251,,192.168.1.100,55667,,10.0.0.251,,,,200.200.200.205,443,,,,,,pass,https_inspection | 2020/10/05 17:26:32," ,"
,tcp,172.16.0.251,,192.168.1.100,65206,,10.0.0.251,,,,200.200.200.205,443,,,,,,pass,https_inspection | 2020/10/05 17:26:32," ,"
,tcp,172.16.0.251,,192.168.1.100,55120,,10.0.0.251,,,,200.200.200.205,443,,,,,,pass,https_inspection | 2020/10/05 17:26:31," ,"
,tcp,172.16.0.251,,192.168.1.100,60933,,10.0.0.251,,,,200.200.200.205,443,,,,,,pass,https_inspection | 2020/10/05 17:26:14," ,"
,tcp,172.16.0.251,,192.168.1.100,61843,,10.0.0.251,,,,200.200.200.205,443,,,,,,pass,https_inspection | 2020/10/05 17:26:12," ,"
,tcp,172.16.0.251,,192.168.1.100,62593,,10.0.0.251,,,,200.200.200.205,443,,,,,,pass,https_inspection | 2020/10/05 17:26:10," ,"
,tcp,172.16.0.251,,192.168.1.100,51505,,10.0.0.251,,,,200.200.200.205,443,,,,,,pass,https_inspection | 2020/10/05 17:26:08," ,"
,tcp,172.16.0.251,,192.168.1.100,57112,,10.0.0.251,,,,200.200.200.205,443,,,,,,pass,https_inspection | 2020/10/05 17:26:07," ,"
,tcp,172.16.0.251,,192.168.1.100,56071,,10.0.0.251,,,,200.200.200.205,443,,,,,,pass,https_inspection | 2020/10/05 17:26:06," ,"
,tcp,172.16.0.251,,192.168.1.100,60614,,10.0.0.251,,,,200.200.200.205,443,,,,,,pass,https_inspection | 2020/10/05 17:25:46," ,"
,tcp,172.16.0.251,,192.168.1.100,61300,,10.0.0.251,,,,200.200.200.205,443,,,,,,pass,https_inspection | 2020/10/05 17:25:28," ,"
,tcp,172.16.0.251,,192.168.1.100,54554,,10.0.0.251,,,,200.200.200.205,443,,,,,,pass,https_inspection | 2020/10/05 17:25:28," ,"
,tcp,172.16.0.251,,192.168.1.100,54413,,10.0.0.251,,,,200.200.200.205,443,,,,,,pass,https_inspection | 2020/10/05 17:25:27," ,"
,tcp,172.16.0.251,,192.168.1.100,53141,,10.0.0.251,,,,200.200.200.205,443,,,,,,pass,https_inspection | 2020/10/05 17:25:26," ,"
,tcp,172.16.0.251,,192.168.1.100,56810,,10.0.0.251,,,,200.200.200.205,443,,,,,,pass,https_inspection | 2020/10/05 17:25:23," ,"
,tcp,172.16.0.251,,192.168.1.100,63180,,10.0.0.251,,,,200.200.200.205,443,,,,,,pass,https_inspection | 2020/10/05 17:25:22," ,"
,tcp,172.16.0.251,,192.168.1.100,51675,,10.0.0.251,,,,200.200.200.205,443,,,,,,pass,https_inspection | 2020/10/05 17:25:21," ,"
,tcp,172.16.0.251,,192.168.1.100,63678,,10.0.0.251,,,,200.200.200.205,443,,,,,,pass,https_inspection | 2020/10/05 17:25:20," ,"
,tcp,172.16.0.251,,192.168.1.100,62515,,10.0.0.251,,,,200.200.200.205,443,,,,,,pass,https_inspection | 2020/10/05 17:24:54," ,"
,tcp,172.16.0.251,,192.168.1.100,58873,,10.0.0.251,,,,200.200.200.205,443,,,,,,pass,https_inspection | 2020/10/05 17:24:30," ,"
,tcp,172.16.0.251,,192.168.1.100,57829,,10.0.0.251,,,,200.200.200.205,443,,,,,,pass,https_inspection | 2020/10/05 17:22:07," ,"
,tcp,172.16.0.251,,192.168.1.100,63023,,10.0.0.251,,,,200.200.200.205,443,,,,,,pass,https_inspection | 2020/10/05 17:22:06," ,"
,tcp,172.16.0.251,,192.168.1.100,49392,,10.0.0.251,,,,200.200.200.205,443,,,,,,pass,https_inspection | 2020/10/05 17:22:05," ,"
,tcp,172.16.0.251,,192.168.1.100,64456,,10.0.0.251,,,,200.200.200.205,443,,,,,,pass,https_inspection | 2020/10/05 17:22:02," ,"
,tcp,172.16.0.251,,192.168.1.100,53590,,10.0.0.251,,,,200.200.200.205,443,,,,,,pass,https_inspection | 2020/10/05 17:22:00," ,"
,tcp,172.16.0.251,,192.168.1.100,56282,,10.0.0.251,,,,200.200.200.205,443,,,,,,pass,https_inspection | 2020/10/05 17:20:20," ,"
,tcp,172.16.0.251,,192.168.1.100,49495,,10.0.0.251,,,,200.200.200.205,443,,,,,,pass,https_inspection | 2020/10/05 17:17:57," ,"
,tcp,172.16.0.251,,192.168.1.100,57265,,10.0.0.251,,,,200.200.200.205,443,,,,,,pass,https_inspection | 2020/10/05 17:17:05," ,"
,tcp,172.16.0.251,,192.168.1.100,54276,,10.0.0.251,,,,200.200.200.205,443,,,,,,pass,https_inspection | 2020/10/05 17:16:13," ,"
,tcp,172.16.0.251,,192.168.1.100,57409,,10.0.0.251,,,,200.200.200.205,443,,,,,,pass,https_inspection | 2020/10/05 17:16:12," ,"
,tcp,172.16.0.251,,192.168.1.100,61836,,10.0.0.251,,,,200.200.200.205,443,,,,,,pass,https_inspection | 2020/10/05 17:16:12," ,"
,tcp,172.16.0.251,,192.168.1.100,60833,,10.0.0.251,,,,200.200.200.205,443,,,,,,pass,https_inspection | 2020/10/05 17:14:44," ,"
,tcp,172.16.0.251,,192.168.1.100,56120,,10.0.0.251,,,,200.200.200.205,443,,,,,,pass,https_inspection | 2020/10/05 17:12:43," ,"
,tcp,172.16.0.251,,192.168.1.100,51095,,10.0.0.251,,,,200.200.200.205,443,,,,,,pass,https_inspection | 2020/10/05 17:12:38," ,"
,tcp,172.16.0.251,,192.168.1.100,59036,,10.0.0.251,,,,200.200.200.205,443,,,,,,pass,https_inspection | 2020/10/05 16:50:26," ,"
,tcp,172.16.0.251,,192.168.1.100,58799,,10.0.0.251,,,,200.200.200.205,443,,,,,,pass,https_inspection | 2020/10/05 16:48:50," ,"
,tcp,172.16.0.251,,192.168.1.100,50031,,10.0.0.251,,,,200.200.200.205,443,,,,,,pass,https_inspection | 2020/10/05 16:46:47," ,"
,tcp,172.16.0.251,,192.168.1.100,53023,,10.0.0.251,,,,200.200.200.205,443,,,,,,pass,https_inspection | 2020/10/05 16:28:23," ,"
,tcp,172.16.0.251,,192.168.1.100,57029,,10.0.0.251,,,,200.200.200.205,443,,,,,,pass,https_inspection | 2020/10/05 16:26:02," ,"
,tcp,172.16.0.251,,192.168.1.100,64095,,10.0.0.251,,,,200.200.200.205,443,,,,,,pass,https_inspection | 2020/10/05 16:24:18," ,"
,tcp,172.16.0.251,,192.168.1.100,56316,,10.0.0.251,,,,200.200.200.205,443,,,,,,pass,https_inspection | 2020/10/05 16:20:31," ,"
,tcp,172.16.0.251,,192.168.1.100,58979,,10.0.0.251,,,,200.200.200.205,443,,,,,,pass,https_inspection | 2020/10/05 16:20:29," ,"
,tcp,172.16.0.251,,192.168.1.100,54462,,10.0.0.251,,,,200.200.200.205,443,,,,,,pass,https_inspection | 2020/10/05 16:20:28," ,"
,tcp,172.16.0.251,,192.168.1.100,62366,,10.0.0.251,,,,200.200.200.205,443,,,,,,pass,https_inspection | 2020/10/05 16:20:26," ,"
,tcp,172.16.0.251,,192.168.1.100,62284,,10.0.0.251,,,,200.200.200.205,443,,,,,,pass,https_inspection | 2020/10/05 16:20:25," ,"
,tcp,172.16.0.251,,192.168.1.100,50179,,10.0.0.251,,,,200.200.200.205,443,,,,,,pass,https_inspection | 2020/10/05 16:20:22," ,"
,tcp,172.16.0.251,,192.168.1.100,53558,,10.0.0.251,,,,200.200.200.205,443,,,,,,pass,https_inspection | 2020/10/05 16:19:56," ,"
,tcp,172.16.0.251,,192.168.1.100,62011,,10.0.0.251,,,,200.200.200.205,443,,,,,,pass,https_inspection | 2020/10/05 16:19:20," ,"
,tcp,172.16.0.251,,192.168.1.100,59520,,10.0.0.251,,,,200.200.200.205,443,,,,,,pass,https_inspection | 2020/10/05 16:18:06," ,"
,tcp,172.16.0.251,,192.168.1.115,57282,10.0.0.100,10.0.0.251,,111.111.111.113,8080,200.200.200.200,8080,,,,,,pass,trust_untrust_025 | 2020/10/05 09:54:32," ,"
,tcp,172.16.0.251,,192.168.1.115,54251,10.0.0.100,10.0.0.251,,111.111.111.113,8080,200.200.200.200,8080,,,,,,pass,trust_untrust_025 | 2020/10/05 09:54:32," ,"
,tcp,172.16.0.251,,192.168.1.115,55339,10.0.0.100,10.0.0.251,,111.111.111.113,8080,200.200.200.200,8080,,,,,,pass,trust_untrust_025 | 2020/10/05 09:54:31," ,"
,tcp,172.16.0.251,,192.168.1.113,50827,,10.0.0.251,,,,200.200.200.200,8080,,,,,,pass,trust_untrust_023 | 2020/10/05 09:54:30," ,"
,tcp,172.16.0.251,,192.168.1.111,54982,,10.0.0.251,,,,200.200.200.200,8080,,,,,,pass,trust_untrust_021 | 2020/10/05 09:54:29," ,"
,tcp,172.16.0.251,,192.168.1.111,62950,,10.0.0.251,,,,200.200.200.200,8080,,,,,,pass,trust_untrust_021 | 2020/10/05 09:54:29," ,"
,tcp,172.16.0.251,,192.168.1.111,55896,,10.0.0.251,,,,200.200.200.200,8080,,,,,,pass,trust_untrust_021 | 2020/10/05 09:54:29," ,"
,tcp,172.16.0.251,,192.168.1.115,62998,10.0.0.100,10.0.0.251,,111.111.111.113,80,200.200.200.200,80,,,,,,pass,trust_untrust_025 | 2020/10/05 09:54:28," ,"
,tcp,172.16.0.251,,192.168.1.115,58679,10.0.0.100,10.0.0.251,,111.111.111.113,80,200.200.200.200,80,,,,,,pass,trust_untrust_025 | 2020/10/05 09:54:27," ,"
,tcp,172.16.0.251,,192.168.1.115,62736,10.0.0.100,10.0.0.251,,111.111.111.113,80,200.200.200.200,80,,,,,,pass,trust_untrust_025 | 2020/10/05 09:54:27," ,"
,tcp,172.16.0.251,,192.168.1.113,60614,,10.0.0.251,,,,200.200.200.200,80,,,,,,pass,trust_untrust_023 | 2020/10/05 09:54:26," ,"
,tcp,172.16.0.251,,192.168.1.111,62088,,10.0.0.251,,,,200.200.200.200,80,,,,,,pass,trust_untrust_021 | 2020/10/05 09:54:24," ,"
,udp,172.16.0.251,,192.168.1.117,62224,10.0.0.100,10.0.0.251,,172.16.0.113,53,200.200.200.200,53,,,,,,pass,trust_untrust_027 | 2020/10/05 09:53:33," ,"
,udp,172.16.0.251,,192.168.1.117,59288,10.0.0.100,10.0.0.251,,172.16.0.113,53,200.200.200.200,53,,,,,,pass,trust_untrust_027 | 2020/10/05 09:53:33," ,"
,udp,172.16.0.251,,192.168.1.118,63673,,10.0.0.251,,,,200.200.200.200,53,,,,,,pass,trust_untrust_028-1 | 2020/10/05 09:53:33," ,"
,udp,172.16.20.251,20,172.16.20.100,62124,,172.16.30.251,30,,,172.16.30.100,80,,,,,,pass,dmz1_dmz2_003 | 2020/10/05 09:53:24," ,"
,udp,172.16.0.251,,192.168.1.100,54639,,172.16.30.251,30,,,172.30.2.100,53,,,,,,pass,trust_dmz2_001 | 2020/10/05 09:53:21," ,"
,udp,172.16.20.251,20,172.30.1.100,51682,,172.16.30.251,30,,,172.30.2.100,80,,,,,,pass,dmz1_dmz2_001 | 2020/10/05 09:53:21," ,"
,udp,172.16.0.251,,192.168.1.100,50055,,10.0.0.251,,,,200.200.200.200,53,,,,,,pass,trust_untrust_001 | 2020/10/05 09:53:21," ,"
,udp,172.16.0.251,,192.168.5.100,60000,10.0.0.100,10.0.0.251,,200.200.200.200,53,200.200.200.200,53,,,,,,pass,trust_untrust_019 | 2020/10/05 09:53:21," ,"
,udp,172.16.0.251,,192.168.4.100,60000,,10.0.0.251,,,,200.200.200.200,53,,,,,,pass,trust_untrust_018 | 2020/10/05 09:53:21," ,"
,udp,172.16.0.251,,192.168.1.100,55885,,10.0.0.251,,,,200.200.200.200,80,,,,,,pass,trust_untrust_001 | 2020/10/05 09:53:20," ,"
,udp,172.16.0.251,,192.168.1.101,57822,10.0.0.100,10.0.0.251,,200.200.200.200,53,200.200.200.200,53,,,,,,pass,trust_untrust_002 | 2020/10/05 09:53:20," ,"
,udp,172.16.0.251,,192.168.1.102,57666,100.100.100.100,10.0.0.251,,200.200.200.200,53,200.200.200.200,53,,,,,,pass,trust_untrust_003 | 2020/10/05 09:53:20," ,"
,udp,172.16.0.251,,192.168.1.103,56308,10.0.0.251,10.0.0.251,,200.200.200.200,53,200.200.200.200,53,,,,,,pass,trust_untrust_004 | 2020/10/05 09:53:20," ,"
,udp,172.16.0.251,,192.168.1.100,52731,192.168.1.100,10.0.0.251,,172.16.0.111,53,200.200.200.201,53,,,,,,pass,trust_untrust_005 | 2020/10/05 09:53:20," ,"
,udp,172.16.0.251,,192.168.1.100,55495,192.168.1.100,10.0.0.251,,100.100.100.111,53,200.200.200.202,53,,,,,,pass,trust_untrust_006 | 2020/10/05 09:53:20," ,"
,udp,172.16.0.251,,192.168.1.100,53083,192.168.1.100,10.0.0.251,,172.16.0.254,53,200.200.200.203,53,,,,,,pass,trust_untrust_007 | 2020/10/05 09:53:20," ,"
,udp,172.16.0.251,,192.168.1.100,56387,,172.16.20.251,20,,,172.30.1.100,53,,,,,,pass,trust_dmz1_001 | 2020/10/05 09:53:20," ,"
,udp,172.16.0.251,,192.168.1.101,54772,192.168.1.101,10.0.0.251,,111.111.111.112,123,10.0.0.104,80,,,,,,pass,trust_untrust_017 | 2020/10/05 09:53:20," ,"
,udp,172.16.0.251,,192.168.1.100,63216,10.0.0.251,10.0.0.251,,172.16.0.11,53,10.0.0.105,53,,,,,,pass,trust_untrust_016 | 2020/10/05 09:53:20," ,"
,udp,172.16.0.251,,192.168.1.100,55832,192.168.1.100,10.0.0.251,,100.100.100.112,53,10.0.0.102,53,,,,,,pass,trust_untrust_015 | 2020/10/05 09:53:20," ,"
,udp,172.16.0.251,,192.168.1.100,65075,192.168.1.100,10.0.0.251,,172.16.0.112,53,10.0.0.101,53,,,,,,pass,trust_untrust_014 | 2020/10/05 09:53:20," ,"
,udp,172.16.0.251,,192.168.1.106,57282,10.0.0.251,10.0.0.251,,10.0.0.120,53,10.0.0.120,53,,,,,,pass,trust_untrust_013 | 2020/10/05 09:53:20," ,"
,udp,172.16.0.251,,192.168.1.105,57114,100.100.100.100,10.0.0.251,,10.0.0.120,53,10.0.0.120,53,,,,,,pass,trust_untrust_012 | 2020/10/05 09:53:20," ,"
,udp,172.16.0.251,,192.168.1.104,52302,10.0.0.100,10.0.0.251,,10.0.0.120,53,10.0.0.120,53,,,,,,pass,trust_untrust_011 | 2020/10/05 09:53:20," ,"
,udp,172.16.0.251,,192.168.1.100,56953,,10.0.0.251,,,,10.0.0.120,53,,,,,,pass,trust_untrust_010 | 2020/10/05 09:53:20," ,"
,udp,172.16.0.251,,192.168.1.100,52153,192.168.1.100,10.0.0.251,,111.111.111.111,123,200.200.200.200,80,,,,,,pass,trust_untrust_009 | 2020/10/05 09:53:20," ,"
,udp,172.16.0.251,,192.168.1.100,52069,10.0.0.251,10.0.0.251,,172.16.0.10,53,211.211.211.211,53,,,,,,pass,trust_untrust_008 | 2020/10/05 09:53:20," ,"
,tcp,172.16.0.251,,192.168.1.116,51348,10.0.0.100,10.0.0.251,,111.111.111.113,8080,200.200.200.200,8080,,,,,,pass,trust_untrust_026 | 2020/10/05 09:53:18," ,"
,tcp,172.16.0.251,,192.168.1.114,65365,,10.0.0.251,,,,200.200.200.200,8080,,,,,,pass,trust_untrust_024 | 2020/10/05 09:53:18," ,"
,tcp,172.16.0.251,,192.168.1.114,58101,,10.0.0.251,,,,200.200.200.200,8080,,,,,,pass,trust_untrust_024 | 2020/10/05 09:53:18," ,"
,tcp,172.16.0.251,,192.168.1.117,56404,10.0.0.100,10.0.0.251,,172.16.0.113,53,200.200.200.200,53,,,,,,pass,trust_untrust_027 | 2020/10/05 09:53:18," ,"
,tcp,172.16.0.251,,192.168.1.117,50567,10.0.0.100,10.0.0.251,,172.16.0.113,53,200.200.200.200,53,,,,,,pass,trust_untrust_027 | 2020/10/05 09:53:18," ,"
,tcp,172.16.0.251,,192.168.1.118,61929,,10.0.0.251,,,,200.200.200.200,53,,,,,,pass,trust_untrust_028-1 | 2020/10/05 09:53:18," ,"
,tcp,172.16.0.251,,192.168.1.116,62996,10.0.0.100,10.0.0.251,,111.111.111.113,8080,200.200.200.200,8080,,,,,,pass,trust_untrust_026 | 2020/10/05 09:53:17," ,"
,tcp,172.16.0.251,,192.168.1.116,62098,10.0.0.100,10.0.0.251,,111.111.111.113,8080,200.200.200.200,8080,,,,,,pass,trust_untrust_026 | 2020/10/05 09:53:17," ,"
,tcp,172.16.0.251,,192.168.1.116,65162,10.0.0.100,10.0.0.251,,111.111.111.113,8080,200.200.200.200,8080,,,,,,pass,trust_untrust_026 | 2020/10/05 09:53:17," ,"
,tcp,172.16.0.251,,192.168.1.113,60834,,10.0.0.251,,,,200.200.200.200,8080,,,,,,pass,trust_untrust_023 | 2020/10/05 09:53:16," ,"
,tcp,172.16.0.251,,192.168.1.114,55923,,10.0.0.251,,,,200.200.200.200,8080,,,,,,pass,trust_untrust_024 | 2020/10/05 09:53:16," ,"
,tcp,172.16.0.251,,192.168.1.114,60700,,10.0.0.251,,,,200.200.200.200,8080,,,,,,pass,trust_untrust_024 | 2020/10/05 09:53:16," ,"
,tcp,172.16.0.251,,192.168.1.114,52897,,10.0.0.251,,,,200.200.200.200,8080,,,,,,pass,trust_untrust_024 | 2020/10/05 09:53:16," ,"
,tcp,172.16.0.251,,192.168.1.112,59269,,10.0.0.251,,,,200.200.200.200,8080,,,,,,pass,trust_untrust_022 | 2020/10/05 09:53:15," ,"
,tcp,172.16.0.251,,192.168.1.112,53496,,10.0.0.251,,,,200.200.200.200,8080,,,,,,pass,trust_untrust_022 | 2020/10/05 09:53:15," ,"
,tcp,172.16.0.251,,192.168.1.113,49317,,10.0.0.251,,,,200.200.200.200,8080,,,,,,pass,trust_untrust_023 | 2020/10/05 09:53:15," ,"
,tcp,172.16.0.251,,192.168.1.112,56662,,10.0.0.251,,,,200.200.200.200,8080,,,,,,pass,trust_untrust_022 | 2020/10/05 09:53:14," ,"
,tcp,172.16.0.251,,192.168.1.112,56134,,10.0.0.251,,,,200.200.200.200,8080,,,,,,pass,trust_untrust_022 | 2020/10/05 09:53:14," ,"
,tcp,172.16.0.251,,192.168.1.110,57417,,10.0.0.251,,,,200.200.200.200,8080,,,,,,pass,trust_untrust_020 | 2020/10/05 09:53:13," ,"
,tcp,172.16.0.251,,192.168.1.116,64142,10.0.0.100,10.0.0.251,,111.111.111.113,80,200.200.200.200,80,,,,,,pass,trust_untrust_026 | 2020/10/05 09:53:13," ,"
,tcp,172.16.0.251,,192.168.1.116,54802,10.0.0.100,10.0.0.251,,111.111.111.113,80,200.200.200.200,80,,,,,,pass,trust_untrust_026 | 2020/10/05 09:53:13," ,"
,tcp,172.16.0.251,,192.168.1.116,59783,10.0.0.100,10.0.0.251,,111.111.111.113,80,200.200.200.200,80,,,,,,pass,trust_untrust_026 | 2020/10/05 09:53:13," ,"
,tcp,172.16.0.251,,192.168.1.116,64591,10.0.0.100,10.0.0.251,,111.111.111.113,80,200.200.200.200,80,,,,,,pass,trust_untrust_026 | 2020/10/05 09:53:13," ,"
,tcp,172.16.0.251,,192.168.1.114,60387,,10.0.0.251,,,,200.200.200.200,80,,,,,,pass,trust_untrust_024 | 2020/10/05 09:53:12," ,"
,tcp,172.16.0.251,,192.168.1.114,57083,,10.0.0.251,,,,200.200.200.200,80,,,,,,pass,trust_untrust_024 | 2020/10/05 09:53:12," ,"
,tcp,172.16.0.251,,192.168.1.113,56671,,10.0.0.251,,,,200.200.200.200,80,,,,,,pass,trust_untrust_023 | 2020/10/05 09:53:11," ,"
,tcp,172.16.0.251,,192.168.1.114,60358,,10.0.0.251,,,,200.200.200.200,80,,,,,,pass,trust_untrust_024 | 2020/10/05 09:53:11," ,"
,tcp,172.16.0.251,,192.168.1.113,65121,,10.0.0.251,,,,200.200.200.200,80,,,,,,pass,trust_untrust_023 | 2020/10/05 09:53:11," ,"
,tcp,172.16.0.251,,192.168.1.112,57637,,10.0.0.251,,,,200.200.200.200,80,,,,,,pass,trust_untrust_022 | 2020/10/05 09:53:10," ,"
,tcp,172.16.0.251,,192.168.1.112,54071,,10.0.0.251,,,,200.200.200.200,80,,,,,,pass,trust_untrust_022 | 2020/10/05 09:53:10," ,"
,tcp,172.16.0.251,,192.168.1.112,54356,,10.0.0.251,,,,200.200.200.200,80,,,,,,pass,trust_untrust_022 | 2020/10/05 09:53:10," ,"
,tcp,172.16.20.251,20,172.16.20.100,49273,,172.16.30.251,30,,,172.16.30.100,53,,,,,,pass,dmz1_dmz2_003 | 2020/10/05 09:53:09," ,"
,tcp,172.16.0.251,,192.168.1.112,57184,,10.0.0.251,,,,200.200.200.200,80,,,,,,pass,trust_untrust_022 | 2020/10/05 09:53:09," ,"
,tcp,172.16.0.251,,192.168.1.111,58344,,10.0.0.251,,,,200.200.200.200,80,,,,,,pass,trust_untrust_021 | 2020/10/05 09:53:09," ,"
,tcp,172.16.0.251,,192.168.1.111,60298,,10.0.0.251,,,,200.200.200.200,80,,,,,,pass,trust_untrust_021 | 2020/10/05 09:53:09," ,"
,tcp,172.16.0.251,,192.168.1.111,55806,,10.0.0.251,,,,200.200.200.200,80,,,,,,pass,trust_untrust_021 | 2020/10/05 09:53:09," ,"
,tcp,172.16.0.251,,192.168.1.100,58016,,172.16.30.251,30,,,172.30.2.100,80,,,,,,pass,trust_dmz2_001 | 2020/10/05 09:53:06," ,"
,tcp,172.16.20.251,20,172.30.1.100,51157,,172.16.30.251,30,,,172.30.2.100,53,,,,,,pass,dmz1_dmz2_001 | 2020/10/05 09:53:06," ,"
,tcp,172.16.0.251,,192.168.1.100,57704,,10.0.0.251,,,,200.200.200.200,80,,,,,,pass,trust_untrust_001 | 2020/10/05 09:53:06," ,"
,tcp,172.16.0.251,,192.168.1.100,65535,,10.0.0.251,,,,200.200.200.200,65535,,,,,,pass,trust_untrust_001 | 2020/10/05 09:53:06," ,"
,tcp,172.16.0.251,,192.168.1.100,1,,10.0.0.251,,,,200.200.200.200,1,,,,,,pass,trust_untrust_001 | 2020/10/05 09:53:06," ,"
,tcp,172.16.0.251,,192.168.5.100,60000,10.0.0.100,10.0.0.251,,200.200.200.200,80,200.200.200.200,80,,,,,,pass,trust_untrust_019 | 2020/10/05 09:53:06," ,"
,tcp,172.16.0.251,,192.168.4.100,60000,,10.0.0.251,,,,200.200.200.200,80,,,,,,pass,trust_untrust_018 | 2020/10/05 09:53:06," ,"
,icmp,172.16.20.251,20,172.16.20.100,,,172.16.30.251,30,,,172.16.30.100,,,,,,,pass,dmz1_dmz2_003 | 2020/10/05 09:53:06," ,"
,tcp,172.16.0.251,,192.168.1.100,57722,,10.0.0.251,,,,200.200.200.200,80,,,,,,pass,trust_untrust_001 | 2020/10/05 09:53:05," ,"
,tcp,172.16.0.251,,192.168.1.101,53811,10.0.0.100,10.0.0.251,,200.200.200.200,80,200.200.200.200,80,,,,,,pass,trust_untrust_002 | 2020/10/05 09:53:05," ,"
,tcp,172.16.0.251,,192.168.1.102,50898,100.100.100.100,10.0.0.251,,200.200.200.200,80,200.200.200.200,80,,,,,,pass,trust_untrust_003 | 2020/10/05 09:53:05," ,"
,tcp,172.16.0.251,,192.168.1.103,64201,10.0.0.251,10.0.0.251,,200.200.200.200,80,200.200.200.200,80,,,,,,pass,trust_untrust_004 | 2020/10/05 09:53:05," ,"
,tcp,172.16.0.251,,192.168.1.100,51095,192.168.1.100,10.0.0.251,,172.16.0.111,80,200.200.200.201,80,,,,,,pass,trust_untrust_005 | 2020/10/05 09:53:05," ,"
,tcp,172.16.0.251,,192.168.1.100,62803,192.168.1.100,10.0.0.251,,100.100.100.111,80,200.200.200.202,80,,,,,,pass,trust_untrust_006 | 2020/10/05 09:53:05," ,"
,tcp,172.16.0.251,,192.168.1.100,59981,192.168.1.100,10.0.0.251,,172.16.0.254,80,200.200.200.203,80,,,,,,pass,trust_untrust_007 | 2020/10/05 09:53:05," ,"
,tcp,172.16.0.251,,192.168.1.100,54771,,172.16.20.251,20,,,172.30.1.100,80,,,,,,pass,trust_dmz1_001 | 2020/10/05 09:53:05," ,"
,tcp,172.16.0.251,,192.168.1.101,54033,192.168.1.101,10.0.0.251,,111.111.111.112,123,10.0.0.104,80,,,,,,pass,trust_untrust_017 | 2020/10/05 09:53:05," ,"
,tcp,172.16.0.251,,192.168.1.100,64542,10.0.0.251,10.0.0.251,,172.16.0.11,80,10.0.0.105,80,,,,,,pass,trust_untrust_016 | 2020/10/05 09:53:05," ,"
,tcp,172.16.0.251,,192.168.1.100,50473,192.168.1.100,10.0.0.251,,100.100.100.112,80,10.0.0.102,80,,,,,,pass,trust_untrust_015 | 2020/10/05 09:53:05," ,"
,tcp,172.16.0.251,,192.168.1.100,58623,192.168.1.100,10.0.0.251,,172.16.0.112,80,10.0.0.101,80,,,,,,pass,trust_untrust_014 | 2020/10/05 09:53:05," ,"
,tcp,172.16.0.251,,192.168.1.106,52911,10.0.0.251,10.0.0.251,,10.0.0.120,80,10.0.0.120,80,,,,,,pass,trust_untrust_013 | 2020/10/05 09:53:05," ,"
,tcp,172.16.0.251,,192.168.1.105,65120,100.100.100.100,10.0.0.251,,10.0.0.120,80,10.0.0.120,80,,,,,,pass,trust_untrust_012 | 2020/10/05 09:53:05," ,"
,tcp,172.16.0.251,,192.168.1.104,64989,10.0.0.100,10.0.0.251,,10.0.0.120,80,10.0.0.120,80,,,,,,pass,trust_untrust_011 | 2020/10/05 09:53:05," ,"
,tcp,172.16.0.251,,192.168.1.100,51725,,10.0.0.251,,,,10.0.0.120,80,,,,,,pass,trust_untrust_010 | 2020/10/05 09:53:05," ,"
,tcp,172.16.0.251,,192.168.1.100,49585,192.168.1.100,10.0.0.251,,111.111.111.111,123,200.200.200.200,80,,,,,,pass,trust_untrust_009 | 2020/10/05 09:53:05," ,"
,tcp,172.16.0.251,,192.168.1.100,49468,10.0.0.251,10.0.0.251,,172.16.0.10,80,211.211.211.211,80,,,,,,pass,trust_untrust_008 | 2020/10/05 09:53:05," ,"
,icmp,172.16.20.251,20,172.30.1.100,,,172.16.30.251,30,,,172.30.2.100,,,,,,,pass,dmz1_dmz2_001 | 2020/10/05 09:53:03," ,"
,icmp,172.16.0.251,,192.168.1.100,,,10.0.0.251,,,,200.200.200.200,,,,,,,pass,trust_untrust_001 | 2020/10/05 09:52:57," ,"
,icmp,172.16.0.251,,192.168.1.101,,10.0.0.100,10.0.0.251,,200.200.200.200,,200.200.200.200,,,,,,,pass,trust_untrust_002 | 2020/10/05 09:52:56," ,"
,icmp,172.16.0.251,,192.168.1.102,,100.100.100.100,10.0.0.251,,200.200.200.200,,200.200.200.200,,,,,,,pass,trust_untrust_003 | 2020/10/05 09:52:56," ,"
,icmp,172.16.0.251,,192.168.1.103,,10.0.0.251,10.0.0.251,,200.200.200.200,,200.200.200.200,,,,,,,pass,trust_untrust_004 | 2020/10/05 09:52:56," ,"
,icmp,172.16.0.251,,192.168.1.100,,192.168.1.100,10.0.0.251,,172.16.0.111,,200.200.200.201,,,,,,,pass,trust_untrust_005 | 2020/10/05 09:52:56," ,"
,icmp,172.16.0.251,,192.168.1.100,,192.168.1.100,10.0.0.251,,100.100.100.111,,200.200.200.202,,,,,,,pass,trust_untrust_006 | 2020/10/05 09:52:56," ,"
,icmp,172.16.0.251,,192.168.1.100,,192.168.1.100,10.0.0.251,,172.16.0.254,,200.200.200.203,,,,,,,pass,trust_untrust_007 | 2020/10/05 09:52:56," ,"
,icmp,172.16.0.251,,192.168.1.100,,10.0.0.251,10.0.0.251,,172.16.0.10,,211.211.211.211,,,,,,,pass,trust_untrust_008 | 2020/10/05 09:52:56," ,"
,icmp,172.16.0.251,,192.168.1.100,,,172.16.30.251,30,,,172.30.2.100,,,,,,,pass,trust_dmz2_001 | 2020/10/05 09:52:56," ,"
,icmp,172.16.0.251,,192.168.1.100,,,172.16.20.251,20,,,172.30.1.100,,,,,,,pass,trust_dmz1_001 | 2020/10/05 09:52:56," ,"
,icmp,172.16.0.251,,192.168.1.100,,10.0.0.251,10.0.0.251,,172.16.0.11,,10.0.0.105,,,,,,,pass,trust_untrust_016 | 2020/10/05 09:52:56," ,"
,icmp,172.16.0.251,,192.168.1.100,,192.168.1.100,10.0.0.251,,100.100.100.112,,10.0.0.102,,,,,,,pass,trust_untrust_015 | 2020/10/05 09:52:56," ,"
,icmp,172.16.0.251,,192.168.1.100,,192.168.1.100,10.0.0.251,,172.16.0.112,,10.0.0.101,,,,,,,pass,trust_untrust_014 | 2020/10/05 09:52:56," ,"
,icmp,172.16.0.251,,192.168.1.106,,10.0.0.251,10.0.0.251,,10.0.0.120,,10.0.0.120,,,,,,,pass,trust_untrust_013 | 2020/10/05 09:52:56," ,"
,icmp,172.16.0.251,,192.168.1.105,,100.100.100.100,10.0.0.251,,10.0.0.120,,10.0.0.120,,,,,,,pass,trust_untrust_012 | 2020/10/05 09:52:56," ,"
,icmp,172.16.0.251,,192.168.1.104,,10.0.0.100,10.0.0.251,,10.0.0.120,,10.0.0.120,,,,,,,pass,trust_untrust_011 | 2020/10/05 09:52:56," ,"
,icmp,172.16.0.251,,192.168.1.100,,,10.0.0.251,,,,10.0.0.120,,,,,,,pass,trust_untrust_010 | 2020/10/05 09:52:56," ,"
,icmp,172.16.0.251,,172.30.1.110,,,172.16.30.251,,,,172.30.2.110,,,,,,,drop,dmz1_dmz2_002 | 2020/10/05 09:52:56," ,"
,tcp,172.16.0.251,,172.30.1.110,56381,,172.16.30.251,,,,172.30.2.110,53,,,,,,drop,dmz1_dmz2_002 | 2020/10/05 09:52:54," ,"
,tcp,172.16.0.251,,172.30.1.110,57254,,172.16.30.251,,,,172.30.2.110,53,,,,,,drop,dmz1_dmz2_002 | 2020/10/05 09:52:54," ,"
,tcp,172.16.0.251,,172.30.1.110,57785,,172.16.30.251,,,,172.30.2.110,53,,,,,,drop,dmz1_dmz2_002 | 2020/10/05 09:52:53," ,"
,tcp,172.16.0.251,,172.30.1.110,55771,,172.16.30.251,,,,172.30.2.110,53,,,,,,drop,dmz1_dmz2_002 | 2020/10/05 09:52:53," ,"
,tcp,172.16.0.251,,172.30.1.110,58954,,172.16.30.251,,,,172.30.2.110,53,,,,,,drop,dmz1_dmz2_002 | 2020/10/05 09:52:53," ,"
,udp,172.16.0.251,,172.30.1.110,50345,,172.16.30.251,,,,172.30.2.100,80,,,,,,drop,all-deny | 2020/10/05 09:52:53," ,"
,udp,172.16.0.251,,172.30.1.110,56493,,172.16.30.251,,,,172.30.2.100,80,,,,,,drop,all-deny | 2020/10/05 09:52:53," ,"
,udp,172.16.0.251,,172.30.1.110,58928,,172.16.30.251,,,,172.30.2.100,80,,,,,,drop,all-deny | 2020/10/05 09:52:52," ,"
,udp,172.16.0.251,,172.30.1.110,49801,,172.16.30.251,,,,172.30.2.100,80,,,,,,drop,all-deny | 2020/10/05 09:52:52," ,"
,udp,172.16.0.251,,172.30.1.110,50070,,172.16.30.251,,,,172.30.2.100,80,,,,,,drop,all-deny | 2020/10/05 09:52:52," ,"
